target,start time (UTC),end time (UTC),duration (minutes),ra,dec,configuration
icrs,2025-12-12 01:10:52.479,2025-12-12 01:11:27.479,0.5833333333333179,52.25806451612903 deg,-41.11111111111111 deg,{}
TransitionBlock,2025-12-12 01:11:27.479,2025-12-12 01:11:30.478,0.0499770663320831,,,[]
icrs,2025-12-12 01:11:30.478,2025-12-12 01:12:05.478,0.5833333333333179,53.4375 deg,-38.888888888888886 deg,{}
TransitionBlock,2025-12-12 01:12:05.478,2025-12-12 01:12:11.489,0.10017760838865186,,,[]
icrs,2025-12-12 01:12:11.489,2025-12-12 01:12:46.489,0.5833333333333179,50.99999999999999 deg,-43.333333333333336 deg,{}
TransitionBlock,2025-12-12 01:12:46.489,2025-12-12 01:12:55.642,0.15256161533811152,,,[]
icrs,2025-12-12 01:12:55.642,2025-12-12 01:13:30.642,0.5833333333333179,54.961832061068705 deg,-36.66666666666667 deg,{}
TransitionBlock,2025-12-12 01:13:30.642,2025-12-12 01:13:42.659,0.20027914493967458,,,[]
icrs,2025-12-12 01:13:42.659,2025-12-12 01:14:17.659,0.5833333333333179,50.08695652173913 deg,-45.55555555555556 deg,{}
TransitionBlock,2025-12-12 01:14:17.659,2025-12-12 01:14:32.647,0.24980709211565255,,,[]
icrs,2025-12-12 01:14:32.647,2025-12-12 01:15:07.647,0.5833333333333179,56.0 deg,-34.44444444444445 deg,{}
TransitionBlock,2025-12-12 01:15:07.647,2025-12-12 01:15:13.206,0.09264473573308507,,,[]
icrs,2025-12-12 01:15:13.206,2025-12-12 01:15:48.206,0.5833333333333179,56.17021276595744 deg,-30.000000000000004 deg,{}
TransitionBlock,2025-12-12 01:15:48.206,2025-12-12 01:16:02.133,0.23211614311057005,,,[]
icrs,2025-12-12 01:16:02.133,2025-12-12 01:16:37.133,0.5833333333333179,55.16129032258064 deg,-41.11111111111111 deg,{}
TransitionBlock,2025-12-12 01:16:37.133,2025-12-12 01:16:40.112,0.049642554281383866,,,[]
icrs,2025-12-12 01:16:40.112,2025-12-12 01:17:15.112,0.5833333333333179,54.0 deg,-43.333333333333336 deg,{}
TransitionBlock,2025-12-12 01:17:15.112,2025-12-12 01:17:29.396,0.2380726187931792,,,[]
icrs,2025-12-12 01:17:29.396,2025-12-12 01:18:04.396,0.5833333333333179,57.39130434782608 deg,-32.22222222222223 deg,{}
TransitionBlock,2025-12-12 01:18:04.396,2025-12-12 01:18:09.953,0.09261682859520448,,,[]
icrs,2025-12-12 01:18:09.953,2025-12-12 01:18:44.953,0.5833333333333179,57.5 deg,-27.777777777777786 deg,{}
TransitionBlock,2025-12-12 01:18:44.953,2025-12-12 01:18:56.067,0.18522881182278184,,,[]
icrs,2025-12-12 01:18:56.067,2025-12-12 01:19:31.067,0.5833333333333179,57.709923664122144 deg,-36.66666666666667 deg,{}
TransitionBlock,2025-12-12 01:19:31.067,2025-12-12 01:19:42.952,0.19807878973491455,,,[]
icrs,2025-12-12 01:19:42.952,2025-12-12 01:20:17.952,0.5833333333333179,53.21739130434783 deg,-45.55555555555556 deg,{}
TransitionBlock,2025-12-12 01:20:17.952,2025-12-12 01:20:32.780,0.24713348412129577,,,[]
icrs,2025-12-12 01:20:32.780,2025-12-12 01:21:07.780,0.5833333333333179,58.666666666666664 deg,-34.44444444444445 deg,{}
TransitionBlock,2025-12-12 01:21:07.780,2025-12-12 01:21:13.336,0.09260126540686642,,,[]
icrs,2025-12-12 01:21:13.336,2025-12-12 01:21:48.336,0.5833333333333179,58.72340425531915 deg,-30.000000000000004 deg,{}
TransitionBlock,2025-12-12 01:21:48.336,2025-12-12 01:22:11.508,0.3862114232515168,,,[]
icrs,2025-12-12 01:22:11.508,2025-12-12 01:22:46.508,0.5833333333333179,51.891891891891895 deg,-47.77777777777778 deg,{}
TransitionBlock,2025-12-12 01:22:46.508,2025-12-12 01:23:15.103,0.4765844355729776,,,[]
icrs,2025-12-12 01:23:15.103,2025-12-12 01:23:50.103,0.5833333333333179,58.77551020408163 deg,-25.55555555555556 deg,{}
TransitionBlock,2025-12-12 01:23:50.103,2025-12-12 01:24:09.562,0.3243184091090434,,,[]
icrs,2025-12-12 01:24:09.562,2025-12-12 01:24:44.562,0.5833333333333179,58.06451612903226 deg,-41.11111111111111 deg,{}
TransitionBlock,2025-12-12 01:24:44.562,2025-12-12 01:24:47.500,0.04895995482954163,,,[]
icrs,2025-12-12 01:24:47.500,2025-12-12 01:25:22.500,0.5833333333333179,59.0625 deg,-38.888888888888886 deg,{}
TransitionBlock,2025-12-12 01:25:22.500,2025-12-12 01:25:28.385,0.09808336729850708,,,[]
icrs,2025-12-12 01:25:28.385,2025-12-12 01:26:03.385,0.5833333333333179,57.0 deg,-43.333333333333336 deg,{}
TransitionBlock,2025-12-12 01:26:03.385,2025-12-12 01:26:12.350,0.14941939919722813,,,[]
icrs,2025-12-12 01:26:12.350,2025-12-12 01:26:47.350,0.5833333333333179,60.45801526717558 deg,-36.66666666666667 deg,{}
TransitionBlock,2025-12-12 01:26:47.350,2025-12-12 01:26:59.112,0.19603610145255246,,,[]
icrs,2025-12-12 01:26:59.112,2025-12-12 01:27:34.112,0.5833333333333179,56.34782608695652 deg,-45.55555555555556 deg,{}
TransitionBlock,2025-12-12 01:27:34.112,2025-12-12 01:27:41.283,0.11951410090574655,,,[]
icrs,2025-12-12 01:27:41.283,2025-12-12 01:28:16.283,0.5833333333333179,50.943396226415096 deg,-50.0 deg,{}
TransitionBlock,2025-12-12 01:28:16.283,2025-12-12 01:28:37.929,0.36075707908258536,,,[]
icrs,2025-12-12 01:28:37.929,2025-12-12 01:29:12.929,0.5833333333333179,61.333333333333336 deg,-34.44444444444445 deg,{}
TransitionBlock,2025-12-12 01:29:12.929,2025-12-12 01:29:30.574,0.29408645496383556,,,[]
icrs,2025-12-12 01:29:30.574,2025-12-12 01:30:05.574,0.5833333333333179,55.13513513513514 deg,-47.77777777777778 deg,{}
TransitionBlock,2025-12-12 01:30:05.574,2025-12-12 01:30:39.160,0.559777184921284,,,[]
icrs,2025-12-12 01:30:39.160,2025-12-12 01:31:14.160,0.5833333333333179,59.21052631578947 deg,-21.11111111111111 deg,{}
TransitionBlock,2025-12-12 01:31:14.160,2025-12-12 01:31:20.178,0.10028543943642276,,,[]
icrs,2025-12-12 01:31:20.178,2025-12-12 01:31:55.178,0.5833333333333179,61.22448979591836 deg,-25.55555555555556 deg,{}
TransitionBlock,2025-12-12 01:31:55.178,2025-12-12 01:32:14.624,0.324114739579322,,,[]
icrs,2025-12-12 01:32:14.624,2025-12-12 01:32:49.624,0.5833333333333179,60.96774193548387 deg,-41.11111111111111 deg,{}
TransitionBlock,2025-12-12 01:32:49.624,2025-12-12 01:33:06.366,0.2790173818164554,,,[]
icrs,2025-12-12 01:33:06.366,2025-12-12 01:33:41.366,0.5833333333333179,62.49999999999999 deg,-27.777777777777786 deg,{}
TransitionBlock,2025-12-12 01:33:41.366,2025-12-12 01:34:14.275,0.5484835859376069,,,[]
icrs,2025-12-12 01:34:14.275,2025-12-12 01:34:49.275,0.5833333333333179,49.411764705882355 deg,-52.22222222222222 deg,{}
TransitionBlock,2025-12-12 01:34:49.275,2025-12-12 01:35:12.202,0.3821250372924645,,,[]
icrs,2025-12-12 01:35:12.202,2025-12-12 01:35:47.202,0.5833333333333179,63.20610687022901 deg,-36.66666666666667 deg,{}
TransitionBlock,2025-12-12 01:35:47.202,2025-12-12 01:35:58.851,0.19415609600523354,,,[]
icrs,2025-12-12 01:35:58.851,2025-12-12 01:36:33.851,0.5833333333333179,59.47826086956522 deg,-45.55555555555556 deg,{}
TransitionBlock,2025-12-12 01:36:33.851,2025-12-12 01:36:53.758,0.33177583129058164,,,[]
icrs,2025-12-12 01:36:53.758,2025-12-12 01:37:28.758,0.5833333333333179,63.82978723404255 deg,-30.000000000000004 deg,{}
TransitionBlock,2025-12-12 01:37:28.758,2025-12-12 01:37:34.317,0.09264372917344943,,,[]
icrs,2025-12-12 01:37:34.317,2025-12-12 01:38:09.317,0.5833333333333179,64.0 deg,-34.44444444444445 deg,{}
TransitionBlock,2025-12-12 01:38:09.317,2025-12-12 01:38:23.315,0.2333100111567532,,,[]
icrs,2025-12-12 01:38:23.315,2025-12-12 01:38:58.315,0.5833333333333179,62.4 deg,-23.333333333333336 deg,{}
TransitionBlock,2025-12-12 01:38:58.315,2025-12-12 01:39:29.134,0.5136407333415072,,,[]
icrs,2025-12-12 01:39:29.134,2025-12-12 01:40:04.134,0.5833333333333179,58.378378378378386 deg,-47.77777777777778 deg,{}
TransitionBlock,2025-12-12 01:40:04.134,2025-12-12 01:40:40.329,0.6032495141468175,,,[]
icrs,2025-12-12 01:40:40.329,2025-12-12 01:41:15.329,0.5833333333333179,60.77922077922078 deg,-18.888888888888893 deg,{}
TransitionBlock,2025-12-12 01:41:15.329,2025-12-12 01:41:24.309,0.1496725180443903,,,[]
icrs,2025-12-12 01:41:24.309,2025-12-12 01:41:59.309,0.5833333333333179,63.6734693877551 deg,-25.55555555555556 deg,{}
TransitionBlock,2025-12-12 01:41:59.309,2025-12-12 01:42:07.812,0.14171322408719433,,,[]
icrs,2025-12-12 01:42:07.812,2025-12-12 01:42:42.812,0.5833333333333179,65.21739130434783 deg,-32.22222222222223 deg,{}
TransitionBlock,2025-12-12 01:42:42.812,2025-12-12 01:42:54.004,0.18654468498665366,,,[]
icrs,2025-12-12 01:42:54.004,2025-12-12 01:43:29.004,0.5833333333333179,63.87096774193549 deg,-41.11111111111111 deg,{}
TransitionBlock,2025-12-12 01:43:29.004,2025-12-12 01:43:45.712,0.27845434107522493,,,[]
icrs,2025-12-12 01:43:45.712,2025-12-12 01:44:20.712,0.5833333333333179,65.0 deg,-27.777777777777786 deg,{}
TransitionBlock,2025-12-12 01:44:20.712,2025-12-12 01:44:34.605,0.2315510731690118,,,[]
icrs,2025-12-12 01:44:34.605,2025-12-12 01:45:09.605,0.5833333333333179,64.6875 deg,-38.888888888888886 deg,{}
TransitionBlock,2025-12-12 01:45:09.605,2025-12-12 01:45:15.383,0.09630323054498291,,,[]
icrs,2025-12-12 01:45:15.383,2025-12-12 01:45:50.383,0.5833333333333179,63.0 deg,-43.333333333333336 deg,{}
TransitionBlock,2025-12-12 01:45:50.383,2025-12-12 01:45:59.182,0.1466493703045657,,,[]
icrs,2025-12-12 01:45:59.182,2025-12-12 01:46:34.182,0.5833333333333179,65.95419847328245 deg,-36.66666666666667 deg,{}
TransitionBlock,2025-12-12 01:46:34.182,2025-12-12 01:46:42.527,0.1390921890178909,,,[]
icrs,2025-12-12 01:46:42.527,2025-12-12 01:47:17.527,0.5833333333333179,66.38297872340425 deg,-30.000000000000004 deg,{}
TransitionBlock,2025-12-12 01:47:17.527,2025-12-12 01:47:26.046,0.14197882809078521,,,[]
icrs,2025-12-12 01:47:26.046,2025-12-12 01:48:01.046,0.5833333333333179,64.79999999999998 deg,-23.333333333333336 deg,{}
TransitionBlock,2025-12-12 01:48:01.046,2025-12-12 01:48:03.994,0.04913076452089271,,,[]
icrs,2025-12-12 01:48:03.994,2025-12-12 01:48:38.994,0.5833333333333179,63.94736842105264 deg,-21.11111111111111 deg,{}
TransitionBlock,2025-12-12 01:48:38.994,2025-12-12 01:49:19.318,0.6720591273632515,,,[]
icrs,2025-12-12 01:49:19.318,2025-12-12 01:49:54.318,0.5833333333333179,52.94117647058823 deg,-52.22222222222222 deg,{}
TransitionBlock,2025-12-12 01:49:54.318,2025-12-12 01:50:37.159,0.7140296997742013,,,[]
icrs,2025-12-12 01:50:37.159,2025-12-12 01:51:12.159,0.5833333333333179,63.11688311688312 deg,-18.888888888888893 deg,{}
TransitionBlock,2025-12-12 01:51:12.159,2025-12-12 01:51:21.188,0.15048441140365298,,,[]
icrs,2025-12-12 01:51:21.188,2025-12-12 01:51:56.188,0.5833333333333179,66.12244897959184 deg,-25.55555555555556 deg,{}
TransitionBlock,2025-12-12 01:51:56.188,2025-12-12 01:52:27.801,0.5268771516267812,,,[]
icrs,2025-12-12 01:52:27.801,2025-12-12 01:53:02.801,0.5833333333333179,57.735849056603776 deg,-50.0 deg,{}
TransitionBlock,2025-12-12 01:53:02.801,2025-12-12 01:53:44.724,0.698711695340517,,,[]
icrs,2025-12-12 01:53:44.724,2025-12-12 01:54:19.724,0.5833333333333179,62.30769230769231 deg,-16.666666666666668 deg,{}
TransitionBlock,2025-12-12 01:54:19.724,2025-12-12 01:54:40.148,0.34040210594021403,,,[]
icrs,2025-12-12 01:54:40.148,2025-12-12 01:55:15.148,0.5833333333333179,67.82608695652175 deg,-32.22222222222223 deg,{}
TransitionBlock,2025-12-12 01:55:15.148,2025-12-12 01:55:35.463,0.33858850328480017,,,[]
icrs,2025-12-12 01:55:35.463,2025-12-12 01:56:10.463,0.5833333333333179,61.62162162162162 deg,-47.77777777777778 deg,{}
TransitionBlock,2025-12-12 01:56:10.463,2025-12-12 01:56:19.976,0.15854617833703344,,,[]
icrs,2025-12-12 01:56:19.976,2025-12-12 01:56:54.976,0.5833333333333179,66.7741935483871 deg,-41.11111111111111 deg,{}
TransitionBlock,2025-12-12 01:56:54.976,2025-12-12 01:56:57.845,0.047812699281220006,,,[]
icrs,2025-12-12 01:56:57.845,2025-12-12 01:57:32.845,0.5833333333333179,65.99999999999999 deg,-43.333333333333336 deg,{}
TransitionBlock,2025-12-12 01:57:32.845,2025-12-12 01:57:57.876,0.417187577697149,,,[]
icrs,2025-12-12 01:57:57.876,2025-12-12 01:58:32.876,0.5833333333333179,67.19999999999999 deg,-23.333333333333336 deg,{}
TransitionBlock,2025-12-12 01:58:32.876,2025-12-12 01:58:49.621,0.2790914117845311,,,[]
icrs,2025-12-12 01:58:49.621,2025-12-12 01:59:24.621,0.5833333333333179,68.70229007633588 deg,-36.66666666666667 deg,{}
TransitionBlock,2025-12-12 01:59:24.621,2025-12-12 01:59:27.472,0.04751628763239424,,,[]
icrs,2025-12-12 01:59:27.472,2025-12-12 02:00:02.472,0.5833333333333179,69.33333333333334 deg,-34.44444444444445 deg,{}
TransitionBlock,2025-12-12 02:00:02.472,2025-12-12 02:00:13.614,0.18569655950832598,,,[]
icrs,2025-12-12 02:00:13.614,2025-12-12 02:00:48.614,0.5833333333333179,68.57142857142857 deg,-25.55555555555556 deg,{}
TransitionBlock,2025-12-12 02:00:48.614,2025-12-12 02:01:00.643,0.20047337032313095,,,[]
icrs,2025-12-12 02:01:00.643,2025-12-12 02:01:35.643,0.5833333333333179,64.61538461538461 deg,-16.666666666666668 deg,{}
TransitionBlock,2025-12-12 02:01:35.643,2025-12-12 02:02:11.774,0.6021864553448708,,,[]
icrs,2025-12-12 02:02:11.774,2025-12-12 02:02:46.774,0.5833333333333179,65.73913043478261 deg,-45.55555555555556 deg,{}
TransitionBlock,2025-12-12 02:02:46.774,2025-12-12 02:03:09.395,0.3770151649612785,,,[]
icrs,2025-12-12 02:03:09.395,2025-12-12 02:03:44.395,0.5833333333333179,70.0 deg,-27.777777777777786 deg,{}
TransitionBlock,2025-12-12 02:03:44.395,2025-12-12 02:04:17.458,0.5510588601689115,,,[]
icrs,2025-12-12 02:04:17.458,2025-12-12 02:04:52.458,0.5833333333333179,56.47058823529411 deg,-52.22222222222222 deg,{}
TransitionBlock,2025-12-12 02:04:52.458,2025-12-12 02:04:59.191,0.11220557843660828,,,[]
icrs,2025-12-12 02:04:59.191,2025-12-12 02:05:34.191,0.5833333333333179,48.24742268041237 deg,-54.44444444444444 deg,{}
TransitionBlock,2025-12-12 02:05:34.191,2025-12-12 02:06:01.105,0.4485706715224147,,,[]
icrs,2025-12-12 02:06:01.105,2025-12-12 02:06:36.105,0.5833333333333179,70.3125 deg,-38.888888888888886 deg,{}
TransitionBlock,2025-12-12 02:06:36.105,2025-12-12 02:07:07.394,0.5214806310634046,,,[]
icrs,2025-12-12 02:07:07.394,2025-12-12 02:07:42.394,0.5833333333333179,64.20382165605096 deg,-14.444444444444446 deg,{}
TransitionBlock,2025-12-12 02:07:42.394,2025-12-12 02:08:16.255,0.5643536174348718,,,[]
icrs,2025-12-12 02:08:16.255,2025-12-12 02:08:51.255,0.5833333333333179,69.67741935483872 deg,-41.11111111111111 deg,{}
TransitionBlock,2025-12-12 02:08:51.255,2025-12-12 02:09:13.478,0.3703801958452324,,,[]
icrs,2025-12-12 02:09:13.478,2025-12-12 02:09:48.478,0.5833333333333179,69.6 deg,-23.333333333333336 deg,{}
TransitionBlock,2025-12-12 02:09:48.478,2025-12-12 02:09:51.451,0.04955130933106844,,,[]
icrs,2025-12-12 02:09:51.451,2025-12-12 02:10:26.451,0.5833333333333179,68.6842105263158 deg,-21.11111111111111 deg,{}
TransitionBlock,2025-12-12 02:10:26.451,2025-12-12 02:10:38.002,0.1925233510077895,,,[]
icrs,2025-12-12 02:10:38.002,2025-12-12 02:11:13.002,0.5833333333333179,71.48936170212767 deg,-30.000000000000004 deg,{}
TransitionBlock,2025-12-12 02:11:13.002,2025-12-12 02:11:27.511,0.241821354473295,,,[]
icrs,2025-12-12 02:11:27.511,2025-12-12 02:12:02.511,0.5833333333333179,67.79220779220779 deg,-18.888888888888893 deg,{}
TransitionBlock,2025-12-12 02:12:02.511,2025-12-12 02:12:25.094,0.3763764584487994,,,[]
icrs,2025-12-12 02:12:25.094,2025-12-12 02:13:00.094,0.5833333333333179,71.45038167938932 deg,-36.66666666666667 deg,{}
TransitionBlock,2025-12-12 02:13:00.094,2025-12-12 02:13:13.991,0.23161174817307284,,,[]
icrs,2025-12-12 02:13:13.991,2025-12-12 02:13:48.991,0.5833333333333179,71.02040816326532 deg,-25.55555555555556 deg,{}
TransitionBlock,2025-12-12 02:13:48.991,2025-12-12 02:14:11.309,0.3719689810818849,,,[]
icrs,2025-12-12 02:14:11.309,2025-12-12 02:14:46.309,0.5833333333333179,69.0 deg,-43.333333333333336 deg,{}
TransitionBlock,2025-12-12 02:14:46.309,2025-12-12 02:14:52.937,0.11047365682568255,,,[]
icrs,2025-12-12 02:14:52.937,2025-12-12 02:15:27.937,0.5833333333333179,64.86486486486487 deg,-47.77777777777778 deg,{}
TransitionBlock,2025-12-12 02:15:27.937,2025-12-12 02:16:06.885,0.649123141971355,,,[]
icrs,2025-12-12 02:16:06.885,2025-12-12 02:16:41.885,0.5833333333333179,66.92307692307692 deg,-16.666666666666668 deg,{}
TransitionBlock,2025-12-12 02:16:41.885,2025-12-12 02:16:57.193,0.2551447568253984,,,[]
icrs,2025-12-12 02:16:57.193,2025-12-12 02:17:32.193,0.5833333333333179,72.5 deg,-27.777777777777786 deg,{}
TransitionBlock,2025-12-12 02:17:32.193,2025-12-12 02:17:37.780,0.09311126257999902,,,[]
icrs,2025-12-12 02:17:37.780,2025-12-12 02:18:12.780,0.5833333333333179,73.04347826086956 deg,-32.22222222222223 deg,{}
TransitionBlock,2025-12-12 02:18:12.780,2025-12-12 02:18:39.941,0.4526816596347416,,,[]
icrs,2025-12-12 02:18:39.941,2025-12-12 02:19:14.941,0.5833333333333179,63.79746835443038 deg,-12.222222222222223 deg,{}
TransitionBlock,2025-12-12 02:19:14.941,2025-12-12 02:19:56.957,0.7002619126774157,,,[]
icrs,2025-12-12 02:19:56.957,2025-12-12 02:20:31.957,0.5833333333333179,68.86956521739131 deg,-45.55555555555556 deg,{}
TransitionBlock,2025-12-12 02:20:31.957,2025-12-12 02:21:10.927,0.6495049552155763,,,[]
icrs,2025-12-12 02:21:10.927,2025-12-12 02:21:45.927,0.5833333333333179,66.49681528662421 deg,-14.444444444444446 deg,{}
TransitionBlock,2025-12-12 02:21:45.927,2025-12-12 02:22:07.225,0.35497421455646716,,,[]
icrs,2025-12-12 02:22:07.225,2025-12-12 02:22:42.225,0.5833333333333179,74.04255319148936 deg,-30.000000000000004 deg,{}
TransitionBlock,2025-12-12 02:22:42.225,2025-12-12 02:22:56.807,0.24303093154076194,,,[]
icrs,2025-12-12 02:22:56.807,2025-12-12 02:23:31.807,0.5833333333333179,70.12987012987013 deg,-18.888888888888893 deg,{}
TransitionBlock,2025-12-12 02:23:31.807,2025-12-12 02:23:59.709,0.4650247917898298,,,[]
icrs,2025-12-12 02:23:59.709,2025-12-12 02:24:34.709,0.5833333333333179,72.58064516129032 deg,-41.11111111111111 deg,{}
TransitionBlock,2025-12-12 02:24:34.709,2025-12-12 02:24:54.175,0.3244426695931857,,,[]
icrs,2025-12-12 02:24:54.175,2025-12-12 02:25:29.175,0.5833333333333179,73.46938775510205 deg,-25.55555555555556 deg,{}
TransitionBlock,2025-12-12 02:25:29.175,2025-12-12 02:25:43.086,0.231847296140284,,,[]
icrs,2025-12-12 02:25:43.086,2025-12-12 02:26:18.086,0.5833333333333179,74.19847328244275 deg,-36.66666666666667 deg,{}
TransitionBlock,2025-12-12 02:26:18.086,2025-12-12 02:26:43.684,0.42663389268145835,,,[]
icrs,2025-12-12 02:26:43.684,2025-12-12 02:27:18.684,0.5833333333333179,69.23076923076923 deg,-16.666666666666668 deg,{}
TransitionBlock,2025-12-12 02:27:18.684,2025-12-12 02:27:41.726,0.3840239224534159,,,[]
icrs,2025-12-12 02:27:41.726,2025-12-12 02:28:16.726,0.5833333333333179,74.66666666666666 deg,-34.44444444444445 deg,{}
TransitionBlock,2025-12-12 02:28:16.726,2025-12-12 02:28:25.067,0.13901750053177508,,,[]
icrs,2025-12-12 02:28:25.067,2025-12-12 02:29:00.067,0.5833333333333179,75.0 deg,-27.777777777777786 deg,{}
TransitionBlock,2025-12-12 02:29:00.067,2025-12-12 02:29:29.587,0.4920057427989022,,,[]
icrs,2025-12-12 02:29:29.587,2025-12-12 02:30:04.587,0.5833333333333179,64.52830188679245 deg,-50.0 deg,{}
TransitionBlock,2025-12-12 02:30:04.587,2025-12-12 02:30:29.093,0.40843325593828084,,,[]
icrs,2025-12-12 02:30:29.093,2025-12-12 02:31:04.093,0.5833333333333179,75.65217391304348 deg,-32.22222222222223 deg,{}
TransitionBlock,2025-12-12 02:31:04.093,2025-12-12 02:31:31.404,0.4551857480619148,,,[]
icrs,2025-12-12 02:31:31.404,2025-12-12 02:32:06.404,0.5833333333333179,66.07594936708861 deg,-12.222222222222223 deg,{}
TransitionBlock,2025-12-12 02:32:06.404,2025-12-12 02:32:50.901,0.7416059844261369,,,[]
icrs,2025-12-12 02:32:50.901,2025-12-12 02:33:25.901,0.5833333333333179,68.10810810810811 deg,-47.77777777777778 deg,{}
TransitionBlock,2025-12-12 02:33:25.901,2025-12-12 02:33:57.094,0.5198855164038463,,,[]
icrs,2025-12-12 02:33:57.094,2025-12-12 02:34:32.094,0.5833333333333179,74.39999999999999 deg,-23.333333333333336 deg,{}
TransitionBlock,2025-12-12 02:34:32.094,2025-12-12 02:34:35.094,0.0499979746653878,,,[]
icrs,2025-12-12 02:34:35.094,2025-12-12 02:35:10.094,0.5833333333333179,73.42105263157895 deg,-21.11111111111111 deg,{}
TransitionBlock,2025-12-12 02:35:10.094,2025-12-12 02:35:20.083,0.16649205616074525,,,[]
icrs,2025-12-12 02:35:20.083,2025-12-12 02:35:55.083,0.5833333333333179,68.78980891719746 deg,-14.444444444444446 deg,{}
TransitionBlock,2025-12-12 02:35:55.083,2025-12-12 02:36:02.172,0.1181438093477638,,,[]
icrs,2025-12-12 02:36:02.172,2025-12-12 02:36:37.172,0.5833333333333179,72.46753246753246 deg,-18.888888888888893 deg,{}
TransitionBlock,2025-12-12 02:36:37.172,2025-12-12 02:37:02.453,0.4213591905836367,,,[]
icrs,2025-12-12 02:37:02.453,2025-12-12 02:37:37.453,0.5833333333333179,75.9375 deg,-38.888888888888886 deg,{}
TransitionBlock,2025-12-12 02:37:37.453,2025-12-12 02:37:54.120,0.27778095487418497,,,[]
icrs,2025-12-12 02:37:54.120,2025-12-12 02:38:29.120,0.5833333333333179,75.91836734693878 deg,-25.55555555555556 deg,{}
TransitionBlock,2025-12-12 02:38:29.120,2025-12-12 02:38:41.346,0.20376277157435396,,,[]
icrs,2025-12-12 02:38:41.346,2025-12-12 02:39:16.346,0.5833333333333179,71.53846153846153 deg,-16.666666666666668 deg,{}
TransitionBlock,2025-12-12 02:39:16.346,2025-12-12 02:39:42.053,0.42845078868070985,,,[]
icrs,2025-12-12 02:39:42.053,2025-12-12 02:40:17.053,0.5833333333333179,76.94656488549619 deg,-36.66666666666667 deg,{}
TransitionBlock,2025-12-12 02:40:17.053,2025-12-12 02:40:19.858,0.046758372220843114,,,[]
icrs,2025-12-12 02:40:19.858,2025-12-12 02:40:54.858,0.5833333333333179,77.33333333333334 deg,-34.44444444444445 deg,{}
TransitionBlock,2025-12-12 02:40:54.858,2025-12-12 02:41:03.389,0.14217954965239699,,,[]
icrs,2025-12-12 02:41:03.389,2025-12-12 02:41:38.389,0.5833333333333179,75.48387096774194 deg,-41.11111111111111 deg,{}
TransitionBlock,2025-12-12 02:41:38.389,2025-12-12 02:41:55.184,0.27990842923198755,,,[]
icrs,2025-12-12 02:41:55.184,2025-12-12 02:42:30.184,0.5833333333333179,77.5 deg,-27.777777777777786 deg,{}
TransitionBlock,2025-12-12 02:42:30.184,2025-12-12 02:42:56.667,0.44139377402212077,,,[]
icrs,2025-12-12 02:42:56.667,2025-12-12 02:43:31.667,0.5833333333333179,65.25 deg,-10.000000000000002 deg,{}
TransitionBlock,2025-12-12 02:43:31.667,2025-12-12 02:43:36.381,0.07855348998955236,,,[]
icrs,2025-12-12 02:43:36.381,2025-12-12 02:44:11.381,0.5833333333333179,68.35443037974684 deg,-12.222222222222223 deg,{}
TransitionBlock,2025-12-12 02:44:11.381,2025-12-12 02:44:50.927,0.6591111294856944,,,[]
icrs,2025-12-12 02:44:50.927,2025-12-12 02:45:25.927,0.5833333333333179,74.99999999999999 deg,-43.333333333333336 deg,{}
TransitionBlock,2025-12-12 02:45:25.927,2025-12-12 02:45:50.996,0.41781976881788196,,,[]
icrs,2025-12-12 02:45:50.996,2025-12-12 02:46:25.996,0.5833333333333179,76.8 deg,-23.333333333333336 deg,{}
TransitionBlock,2025-12-12 02:46:25.996,2025-12-12 02:46:38.998,0.21670078505716006,,,[]
icrs,2025-12-12 02:46:38.998,2025-12-12 02:47:13.998,0.5833333333333179,71.0828025477707 deg,-14.444444444444446 deg,{}
TransitionBlock,2025-12-12 02:47:13.998,2025-12-12 02:47:21.120,0.1186989212514078,,,[]
icrs,2025-12-12 02:47:21.120,2025-12-12 02:47:56.120,0.5833333333333179,74.8051948051948 deg,-18.888888888888893 deg,{}
TransitionBlock,2025-12-12 02:47:56.120,2025-12-12 02:48:10.858,0.24563517323697326,,,[]
icrs,2025-12-12 02:48:10.858,2025-12-12 02:48:45.858,0.5833333333333179,79.14893617021276 deg,-30.000000000000004 deg,{}
TransitionBlock,2025-12-12 02:48:45.858,2025-12-12 02:48:51.481,0.09370623503370368,,,[]
icrs,2025-12-12 02:48:51.481,2025-12-12 02:49:26.481,0.5833333333333179,78.36734693877551 deg,-25.55555555555556 deg,{}
TransitionBlock,2025-12-12 02:49:26.481,2025-12-12 02:49:38.776,0.2049208207152553,,,[]
icrs,2025-12-12 02:49:38.776,2025-12-12 02:50:13.776,0.5833333333333179,73.84615384615384 deg,-16.666666666666668 deg,{}
TransitionBlock,2025-12-12 02:50:13.776,2025-12-12 02:50:52.750,0.6495663160903575,,,[]
icrs,2025-12-12 02:50:52.750,2025-12-12 02:51:27.750,0.5833333333333179,71.35135135135135 deg,-47.77777777777778 deg,{}
TransitionBlock,2025-12-12 02:51:27.750,2025-12-12 02:51:43.620,0.2645001040025008,,,[]
icrs,2025-12-12 02:51:43.620,2025-12-12 02:52:18.620,0.5833333333333179,79.69465648854961 deg,-36.66666666666667 deg,{}
TransitionBlock,2025-12-12 02:52:18.620,2025-12-12 02:52:44.661,0.4340110664446861,,,[]
icrs,2025-12-12 02:52:44.661,2025-12-12 02:53:19.661,0.5833333333333179,59.99999999999999 deg,-52.22222222222222 deg,{}
TransitionBlock,2025-12-12 02:53:19.661,2025-12-12 02:53:30.772,0.18519059060603027,,,[]
icrs,2025-12-12 02:53:30.772,2025-12-12 02:54:05.772,0.5833333333333179,59.99999999999999 deg,-43.333333333333336 deg,{}
TransitionBlock,2025-12-12 02:54:05.772,2025-12-12 02:54:19.662,0.23148902263374183,,,[]
icrs,2025-12-12 02:54:19.662,2025-12-12 02:54:54.662,0.5833333333333179,59.99999999999999 deg,-32.22222222222223 deg,{}
TransitionBlock,2025-12-12 02:54:54.662,2025-12-12 02:55:00.217,0.0925957956542156,,,[]
icrs,2025-12-12 02:55:00.217,2025-12-12 02:55:35.217,0.5833333333333179,59.99999999999999 deg,-27.777777777777786 deg,{}
TransitionBlock,2025-12-12 02:55:35.217,2025-12-12 02:55:40.773,0.09259587385438195,,,[]
icrs,2025-12-12 02:55:40.773,2025-12-12 02:56:15.773,0.5833333333333179,59.99999999999999 deg,-23.333333333333336 deg,{}
TransitionBlock,2025-12-12 02:56:15.773,2025-12-12 02:56:45.172,0.4899875250731611,,,[]
icrs,2025-12-12 02:56:45.172,2025-12-12 02:57:20.172,0.5833333333333179,78.38709677419355 deg,-41.11111111111111 deg,{}
TransitionBlock,2025-12-12 02:57:20.172,2025-12-12 02:57:57.270,0.6182920695199812,,,[]
icrs,2025-12-12 02:57:57.270,2025-12-12 02:58:32.270,0.5833333333333179,70.63291139240508 deg,-12.222222222222223 deg,{}
TransitionBlock,2025-12-12 02:58:32.270,2025-12-12 02:58:59.895,0.46041264414570904,,,[]
icrs,2025-12-12 02:58:59.895,2025-12-12 02:59:34.895,0.5833333333333179,80.8695652173913 deg,-32.22222222222223 deg,{}
TransitionBlock,2025-12-12 02:59:34.895,2025-12-12 02:59:49.108,0.23689394729933255,,,[]
icrs,2025-12-12 02:59:49.108,2025-12-12 03:00:24.108,0.5833333333333179,78.1578947368421 deg,-21.11111111111111 deg,{}
TransitionBlock,2025-12-12 03:00:24.108,2025-12-12 03:00:27.136,0.05047006743778226,,,[]
icrs,2025-12-12 03:00:27.136,2025-12-12 03:01:02.136,0.5833333333333179,79.2 deg,-23.333333333333336 deg,{}
TransitionBlock,2025-12-12 03:01:02.136,2025-12-12 03:01:15.204,0.2178011505282207,,,[]
icrs,2025-12-12 03:01:15.204,2025-12-12 03:01:50.204,0.5833333333333179,73.37579617834395 deg,-14.444444444444446 deg,{}
TransitionBlock,2025-12-12 03:01:50.204,2025-12-12 03:02:29.138,0.6488909850627778,,,[]
icrs,2025-12-12 03:02:29.138,2025-12-12 03:03:04.138,0.5833333333333179,75.1304347826087 deg,-45.55555555555556 deg,{}
TransitionBlock,2025-12-12 03:03:04.138,2025-12-12 03:03:29.781,0.42738497951098964,,,[]
icrs,2025-12-12 03:03:29.781,2025-12-12 03:04:04.781,0.5833333333333179,80.81632653061224 deg,-25.55555555555556 deg,{}
TransitionBlock,2025-12-12 03:04:04.781,2025-12-12 03:04:10.422,0.09402007017461855,,,[]
icrs,2025-12-12 03:04:10.422,2025-12-12 03:04:45.422,0.5833333333333179,81.70212765957447 deg,-30.000000000000004 deg,{}
TransitionBlock,2025-12-12 03:04:45.422,2025-12-12 03:05:03.256,0.29722982984790036,,,[]
icrs,2025-12-12 03:05:03.256,2025-12-12 03:05:38.256,0.5833333333333179,76.15384615384615 deg,-16.666666666666668 deg,{}
TransitionBlock,2025-12-12 03:05:38.256,2025-12-12 03:06:11.647,0.5565218813651285,,,[]
icrs,2025-12-12 03:06:11.647,2025-12-12 03:06:46.647,0.5833333333333179,78.0 deg,-43.333333333333336 deg,{}
TransitionBlock,2025-12-12 03:06:46.647,2025-12-12 03:06:58.645,0.19996332764080194,,,[]
icrs,2025-12-12 03:06:58.645,2025-12-12 03:07:33.645,0.5833333333333179,82.66666666666667 deg,-34.44444444444445 deg,{}
TransitionBlock,2025-12-12 03:07:33.645,2025-12-12 03:07:39.310,0.09441096062614562,,,[]
icrs,2025-12-12 03:07:39.310,2025-12-12 03:08:14.310,0.5833333333333179,81.5625 deg,-38.888888888888886 deg,{}
TransitionBlock,2025-12-12 03:08:14.310,2025-12-12 03:08:28.233,0.23205221178153934,,,[]
icrs,2025-12-12 03:08:28.233,2025-12-12 03:09:03.233,0.5833333333333179,82.5 deg,-27.777777777777786 deg,{}
TransitionBlock,2025-12-12 03:09:03.233,2025-12-12 03:09:14.344,0.18518811898600163,,,[]
icrs,2025-12-12 03:09:14.344,2025-12-12 03:09:49.344,0.5833333333333179,82.44274809160305 deg,-36.66666666666667 deg,{}
TransitionBlock,2025-12-12 03:09:49.344,2025-12-12 03:10:21.722,0.5396345444169448,,,[]
icrs,2025-12-12 03:10:21.722,2025-12-12 03:10:56.722,0.5833333333333179,72.9113924050633 deg,-12.222222222222223 deg,{}
TransitionBlock,2025-12-12 03:10:56.722,2025-12-12 03:11:14.026,0.2883899061179207,,,[]
icrs,2025-12-12 03:11:14.026,2025-12-12 03:11:49.026,0.5833333333333179,81.6 deg,-23.333333333333336 deg,{}
TransitionBlock,2025-12-12 03:11:49.026,2025-12-12 03:12:00.329,0.18838198931021566,,,[]
icrs,2025-12-12 03:12:00.329,2025-12-12 03:12:35.329,0.5833333333333179,83.47826086956522 deg,-32.22222222222223 deg,{}
TransitionBlock,2025-12-12 03:12:35.329,2025-12-12 03:12:59.269,0.3990087156032551,,,[]
icrs,2025-12-12 03:12:59.269,2025-12-12 03:13:34.269,0.5833333333333179,75.6687898089172 deg,-14.444444444444446 deg,{}
TransitionBlock,2025-12-12 03:13:34.269,2025-12-12 03:13:41.458,0.11982128409631088,,,[]
icrs,2025-12-12 03:13:41.458,2025-12-12 03:14:16.458,0.5833333333333179,79.48051948051948 deg,-18.888888888888893 deg,{}
TransitionBlock,2025-12-12 03:14:16.458,2025-12-12 03:14:44.304,0.4640859228179828,,,[]
icrs,2025-12-12 03:14:44.304,2025-12-12 03:15:19.304,0.5833333333333179,81.29032258064517 deg,-41.11111111111111 deg,{}
TransitionBlock,2025-12-12 03:15:19.304,2025-12-12 03:16:00.225,0.6820178023164125,,,[]
icrs,2025-12-12 03:16:00.225,2025-12-12 03:16:35.225,0.5833333333333179,69.75 deg,-10.000000000000002 deg,{}
TransitionBlock,2025-12-12 03:16:35.225,2025-12-12 03:17:00.418,0.4198886954253567,,,[]
icrs,2025-12-12 03:17:00.418,2025-12-12 03:17:35.418,0.5833333333333179,83.26530612244898 deg,-25.55555555555556 deg,{}
TransitionBlock,2025-12-12 03:17:35.418,2025-12-12 03:17:47.858,0.20732622411475887,,,[]
icrs,2025-12-12 03:17:47.858,2025-12-12 03:18:22.858,0.5833333333333179,78.46153846153847 deg,-16.666666666666668 deg,{}
TransitionBlock,2025-12-12 03:18:22.858,2025-12-12 03:19:01.949,0.6515322723132932,,,[]
icrs,2025-12-12 03:19:01.949,2025-12-12 03:19:36.949,0.5833333333333179,74.5945945945946 deg,-47.77777777777778 deg,{}
TransitionBlock,2025-12-12 03:19:36.949,2025-12-12 03:19:41.145,0.06992027315469329,,,[]
icrs,2025-12-12 03:19:41.145,2025-12-12 03:20:16.145,0.5833333333333179,78.26086956521739 deg,-45.55555555555556 deg,{}
TransitionBlock,2025-12-12 03:20:16.145,2025-12-12 03:20:39.350,0.38675543555807934,,,[]
icrs,2025-12-12 03:20:39.350,2025-12-12 03:21:14.350,0.5833333333333179,84.99999999999999 deg,-27.777777777777786 deg,{}
TransitionBlock,2025-12-12 03:21:14.350,2025-12-12 03:21:34.209,0.33098032275042044,,,[]
icrs,2025-12-12 03:21:34.209,2025-12-12 03:22:09.209,0.5833333333333179,81.0 deg,-43.333333333333336 deg,{}
TransitionBlock,2025-12-12 03:22:09.209,2025-12-12 03:22:21.088,0.19799281058727303,,,[]
icrs,2025-12-12 03:22:21.088,2025-12-12 03:22:56.088,0.5833333333333179,85.33333333333333 deg,-34.44444444444445 deg,{}
TransitionBlock,2025-12-12 03:22:56.088,2025-12-12 03:23:12.970,0.28136068996285957,,,[]
icrs,2025-12-12 03:23:12.970,2025-12-12 03:23:47.970,0.5833333333333179,82.89473684210526 deg,-21.11111111111111 deg,{}
TransitionBlock,2025-12-12 03:23:47.970,2025-12-12 03:24:07.574,0.32673702861291787,,,[]
icrs,2025-12-12 03:24:07.574,2025-12-12 03:24:42.574,0.5833333333333179,85.19083969465649 deg,-36.66666666666667 deg,{}
TransitionBlock,2025-12-12 03:24:42.574,2025-12-12 03:25:05.103,0.375474837005374,,,[]
icrs,2025-12-12 03:25:05.103,2025-12-12 03:25:40.103,0.5833333333333179,81.81818181818181 deg,-18.888888888888893 deg,{}
TransitionBlock,2025-12-12 03:25:40.103,2025-12-12 03:25:47.326,0.12038842072804812,,,[]
icrs,2025-12-12 03:25:47.326,2025-12-12 03:26:22.326,0.5833333333333179,77.96178343949045 deg,-14.444444444444446 deg,{}
TransitionBlock,2025-12-12 03:26:22.326,2025-12-12 03:26:26.694,0.07280407524222099,,,[]
icrs,2025-12-12 03:26:26.694,2025-12-12 03:27:01.694,0.5833333333333179,75.18987341772151 deg,-12.222222222222223 deg,{}
TransitionBlock,2025-12-12 03:27:01.694,2025-12-12 03:27:22.472,0.34629670132849455,,,[]
icrs,2025-12-12 03:27:22.472,2025-12-12 03:27:57.472,0.5833333333333179,85.71428571428571 deg,-25.55555555555556 deg,{}
TransitionBlock,2025-12-12 03:27:57.472,2025-12-12 03:28:09.986,0.2085725391349058,,,[]
icrs,2025-12-12 03:28:09.986,2025-12-12 03:28:44.986,0.5833333333333179,80.76923076923076 deg,-16.666666666666668 deg,{}
TransitionBlock,2025-12-12 03:28:44.986,2025-12-12 03:29:03.027,0.300684138333871,,,[]
icrs,2025-12-12 03:29:03.027,2025-12-12 03:29:38.027,0.5833333333333179,86.80851063829786 deg,-30.000000000000004 deg,{}
TransitionBlock,2025-12-12 03:29:38.027,2025-12-12 03:29:52.167,0.23565220939003595,,,[]
icrs,2025-12-12 03:29:52.167,2025-12-12 03:30:27.167,0.5833333333333179,84.19354838709677 deg,-41.11111111111111 deg,{}
TransitionBlock,2025-12-12 03:30:27.167,2025-12-12 03:30:42.949,0.26304197911430904,,,[]
icrs,2025-12-12 03:30:42.949,2025-12-12 03:31:17.949,0.5833333333333179,71.32075471698114 deg,-50.0 deg,{}
TransitionBlock,2025-12-12 03:31:17.949,2025-12-12 03:31:49.722,0.5295457481831534,,,[]
icrs,2025-12-12 03:31:49.722,2025-12-12 03:32:24.722,0.5833333333333179,87.5 deg,-27.777777777777786 deg,{}
TransitionBlock,2025-12-12 03:32:24.722,2025-12-12 03:32:30.414,0.0948701419176956,,,[]
icrs,2025-12-12 03:32:30.414,2025-12-12 03:33:05.414,0.5833333333333179,86.39999999999999 deg,-23.333333333333336 deg,{}
TransitionBlock,2025-12-12 03:33:05.414,2025-12-12 03:33:19.412,0.23330156387995515,,,[]
icrs,2025-12-12 03:33:19.412,2025-12-12 03:33:54.412,0.5833333333333179,88.0 deg,-34.44444444444445 deg,{}
TransitionBlock,2025-12-12 03:33:54.412,2025-12-12 03:34:20.896,0.44139097396241667,,,[]
icrs,2025-12-12 03:34:20.896,2025-12-12 03:34:55.896,0.5833333333333179,80.2547770700637 deg,-14.444444444444446 deg,{}
TransitionBlock,2025-12-12 03:34:55.896,2025-12-12 03:35:03.153,0.12095945223812521,,,[]
icrs,2025-12-12 03:35:03.153,2025-12-12 03:35:38.153,0.5833333333333179,84.15584415584415 deg,-18.888888888888893 deg,{}
TransitionBlock,2025-12-12 03:35:38.153,2025-12-12 03:36:11.609,0.5576030317028646,,,[]
icrs,2025-12-12 03:36:11.609,2025-12-12 03:36:46.609,0.5833333333333179,81.3913043478261 deg,-45.55555555555556 deg,{}
TransitionBlock,2025-12-12 03:36:46.609,2025-12-12 03:37:28.485,0.6979239870243426,,,[]
icrs,2025-12-12 03:37:28.485,2025-12-12 03:38:03.485,0.5833333333333179,77.46835443037976 deg,-12.222222222222223 deg,{}
TransitionBlock,2025-12-12 03:38:03.485,2025-12-12 03:38:36.227,0.545696764313579,,,[]
icrs,2025-12-12 03:38:36.227,2025-12-12 03:39:11.227,0.5833333333333179,87.93893129770993 deg,-36.66666666666667 deg,{}
TransitionBlock,2025-12-12 03:39:11.227,2025-12-12 03:39:16.837,0.0934991234715632,,,[]
icrs,2025-12-12 03:39:16.837,2025-12-12 03:39:51.837,0.5833333333333179,88.69565217391305 deg,-32.22222222222223 deg,{}
TransitionBlock,2025-12-12 03:39:51.837,2025-12-12 03:40:00.309,0.14121398904572757,,,[]
icrs,2025-12-12 03:40:00.309,2025-12-12 03:40:35.309,0.5833333333333179,87.1875 deg,-38.888888888888886 deg,{}
TransitionBlock,2025-12-12 03:40:35.309,2025-12-12 03:40:41.623,0.1052246558091241,,,[]
icrs,2025-12-12 03:40:41.623,2025-12-12 03:41:16.623,0.5833333333333179,83.99999999999999 deg,-43.333333333333336 deg,{}
TransitionBlock,2025-12-12 03:41:16.623,2025-12-12 03:41:41.623,0.41666629670245925,,,[]
icrs,2025-12-12 03:41:41.623,2025-12-12 03:42:16.623,0.5833333333333179,83.99999999999999 deg,-23.333333333333336 deg,{}
TransitionBlock,2025-12-12 03:42:16.623,2025-12-12 03:42:22.114,0.09152162471801617,,,[]
icrs,2025-12-12 03:42:22.114,2025-12-12 03:42:57.114,0.5833333333333179,88.16326530612244 deg,-25.55555555555556 deg,{}
TransitionBlock,2025-12-12 03:42:57.114,2025-12-12 03:43:09.705,0.20984725123589953,,,[]
icrs,2025-12-12 03:43:09.705,2025-12-12 03:43:44.705,0.5833333333333179,83.07692307692307 deg,-16.666666666666668 deg,{}
TransitionBlock,2025-12-12 03:43:44.705,2025-12-12 03:44:02.855,0.3025049792709389,,,[]
icrs,2025-12-12 03:44:02.855,2025-12-12 03:44:37.855,0.5833333333333179,89.36170212765958 deg,-30.000000000000004 deg,{}
TransitionBlock,2025-12-12 03:44:37.855,2025-12-12 03:45:02.682,0.4137826798451627,,,[]
icrs,2025-12-12 03:45:02.682,2025-12-12 03:45:37.682,0.5833333333333179,77.83783783783784 deg,-47.77777777777778 deg,{}
TransitionBlock,2025-12-12 03:45:37.682,2025-12-12 03:45:49.402,0.1953247482792264,,,[]
icrs,2025-12-12 03:45:49.402,2025-12-12 03:46:24.402,0.5833333333333179,87.09677419354838 deg,-41.11111111111111 deg,{}
TransitionBlock,2025-12-12 03:46:24.402,2025-12-12 03:46:49.408,0.4167708818043181,,,[]
icrs,2025-12-12 03:46:49.408,2025-12-12 03:47:24.408,0.5833333333333179,87.63157894736841 deg,-21.11111111111111 deg,{}
TransitionBlock,2025-12-12 03:47:24.408,2025-12-12 03:47:27.497,0.05148770193045493,,,[]
icrs,2025-12-12 03:47:27.497,2025-12-12 03:48:02.497,0.5833333333333179,88.8 deg,-23.333333333333336 deg,{}
TransitionBlock,2025-12-12 03:48:02.497,2025-12-12 03:48:26.570,0.4012054005250576,,,[]
icrs,2025-12-12 03:48:26.570,2025-12-12 03:49:01.570,0.5833333333333179,74.25 deg,-10.000000000000002 deg,{}
TransitionBlock,2025-12-12 03:49:01.570,2025-12-12 03:49:20.077,0.3084585062831202,,,[]
icrs,2025-12-12 03:49:20.077,2025-12-12 03:49:55.077,0.5833333333333179,86.49350649350649 deg,-18.888888888888893 deg,{}
TransitionBlock,2025-12-12 03:49:55.077,2025-12-12 03:50:15.066,0.3331551854876835,,,[]
icrs,2025-12-12 03:50:15.066,2025-12-12 03:50:50.066,0.5833333333333179,90.66666666666669 deg,-34.44444444444445 deg,{}
TransitionBlock,2025-12-12 03:50:50.066,2025-12-12 03:51:16.692,0.4437570765452392,,,[]
icrs,2025-12-12 03:51:16.692,2025-12-12 03:51:51.692,0.5833333333333179,82.54777070063695 deg,-14.444444444444446 deg,{}
TransitionBlock,2025-12-12 03:51:51.692,2025-12-12 03:52:16.054,0.406042349255884,,,[]
icrs,2025-12-12 03:52:16.054,2025-12-12 03:52:51.054,0.5833333333333179,91.30434782608695 deg,-32.22222222222223 deg,{}
TransitionBlock,2025-12-12 03:52:51.054,2025-12-12 03:53:11.621,0.3427818554028228,,,[]
icrs,2025-12-12 03:53:11.621,2025-12-12 03:53:46.621,0.5833333333333179,85.38461538461537 deg,-16.666666666666668 deg,{}
TransitionBlock,2025-12-12 03:53:46.621,2025-12-12 03:54:12.301,0.4279918599546484,,,[]
icrs,2025-12-12 03:54:12.301,2025-12-12 03:54:47.301,0.5833333333333179,90.68702290076337 deg,-36.66666666666667 deg,{}
TransitionBlock,2025-12-12 03:54:47.301,2025-12-12 03:55:01.190,0.23148270806487403,,,[]
icrs,2025-12-12 03:55:01.190,2025-12-12 03:55:36.190,0.5833333333333179,90.61224489795916 deg,-25.55555555555556 deg,{}
TransitionBlock,2025-12-12 03:55:36.190,2025-12-12 03:55:57.210,0.3503347172560467,,,[]
icrs,2025-12-12 03:55:57.210,2025-12-12 03:56:32.210,0.5833333333333179,79.74683544303798 deg,-12.222222222222223 deg,{}
TransitionBlock,2025-12-12 03:56:32.210,2025-12-12 03:57:11.880,0.6611722641483198,,,[]
icrs,2025-12-12 03:57:11.880,2025-12-12 03:57:46.880,0.5833333333333179,87.0 deg,-43.333333333333336 deg,{}
TransitionBlock,2025-12-12 03:57:46.880,2025-12-12 03:57:50.430,0.05917151480378635,,,[]
icrs,2025-12-12 03:57:50.430,2025-12-12 03:58:25.430,0.5833333333333179,84.52173913043478 deg,-45.55555555555556 deg,{}
TransitionBlock,2025-12-12 03:58:25.430,2025-12-12 03:58:49.019,0.3931348813249258,,,[]
icrs,2025-12-12 03:58:49.019,2025-12-12 03:59:24.019,0.5833333333333179,92.5 deg,-27.777777777777786 deg,{}
TransitionBlock,2025-12-12 03:59:24.019,2025-12-12 03:59:29.764,0.09575813216782691,,,[]
icrs,2025-12-12 03:59:29.764,2025-12-12 04:00:04.764,0.5833333333333179,91.2 deg,-23.333333333333336 deg,{}
TransitionBlock,2025-12-12 04:00:04.764,2025-12-12 04:00:10.968,0.10339767695739965,,,[]
icrs,2025-12-12 04:00:10.968,2025-12-12 04:00:45.968,0.5833333333333179,88.83116883116882 deg,-18.888888888888893 deg,{}
TransitionBlock,2025-12-12 04:00:45.968,2025-12-12 04:00:53.295,0.12211299525251462,,,[]
icrs,2025-12-12 04:00:53.295,2025-12-12 04:01:28.295,0.5833333333333179,84.84076433121018 deg,-14.444444444444446 deg,{}
TransitionBlock,2025-12-12 04:01:28.295,2025-12-12 04:01:39.898,0.19338062323747351,,,[]
icrs,2025-12-12 04:01:39.898,2025-12-12 04:02:14.898,0.5833333333333179,76.5 deg,-10.000000000000002 deg,{}
TransitionBlock,2025-12-12 04:02:14.898,2025-12-12 04:02:30.850,0.2658787647531824,,,[]
icrs,2025-12-12 04:02:30.850,2025-12-12 04:03:05.850,0.5833333333333179,87.6923076923077 deg,-16.666666666666668 deg,{}
TransitionBlock,2025-12-12 04:03:05.850,2025-12-12 04:03:18.599,0.21247977984716115,,,[]
icrs,2025-12-12 04:03:18.599,2025-12-12 04:03:53.599,0.5833333333333179,93.06122448979592 deg,-25.55555555555556 deg,{}
TransitionBlock,2025-12-12 04:03:53.599,2025-12-12 04:04:14.742,0.35238401210394343,,,[]
icrs,2025-12-12 04:04:14.742,2025-12-12 04:04:49.742,0.5833333333333179,82.02531645569621 deg,-12.222222222222223 deg,{}
TransitionBlock,2025-12-12 04:04:49.742,2025-12-12 04:05:22.877,0.5522511001540487,,,[]
icrs,2025-12-12 04:05:22.877,2025-12-12 04:05:57.877,0.5833333333333179,93.4351145038168 deg,-36.66666666666667 deg,{}
TransitionBlock,2025-12-12 04:05:57.877,2025-12-12 04:06:06.280,0.1400426856308279,,,[]
icrs,2025-12-12 04:06:06.280,2025-12-12 04:06:41.280,0.5833333333333179,94.46808510638296 deg,-30.000000000000004 deg,{}
TransitionBlock,2025-12-12 04:06:41.280,2025-12-12 04:06:52.520,0.18734369377522597,,,[]
icrs,2025-12-12 04:06:52.520,2025-12-12 04:07:27.520,0.5833333333333179,92.8125 deg,-38.888888888888886 deg,{}
TransitionBlock,2025-12-12 04:07:27.520,2025-12-12 04:07:42.889,0.2561472923299313,,,[]
icrs,2025-12-12 04:07:42.889,2025-12-12 04:08:17.889,0.5833333333333179,81.08108108108108 deg,-47.77777777777778 deg,{}
TransitionBlock,2025-12-12 04:08:17.889,2025-12-12 04:08:53.108,0.5869822219813514,,,[]
icrs,2025-12-12 04:08:53.108,2025-12-12 04:09:28.108,0.5833333333333179,92.36842105263158 deg,-21.11111111111111 deg,{}
TransitionBlock,2025-12-12 04:09:28.108,2025-12-12 04:09:36.962,0.14756613376906813,,,[]
icrs,2025-12-12 04:09:36.962,2025-12-12 04:10:11.962,0.5833333333333179,95.0 deg,-27.777777777777786 deg,{}
TransitionBlock,2025-12-12 04:10:11.962,2025-12-12 04:10:17.737,0.0962540615824814,,,[]
icrs,2025-12-12 04:10:17.737,2025-12-12 04:10:52.737,0.5833333333333179,93.6 deg,-23.333333333333336 deg,{}
TransitionBlock,2025-12-12 04:10:52.737,2025-12-12 04:10:58.974,0.10394195791946004,,,[]
icrs,2025-12-12 04:10:58.974,2025-12-12 04:11:33.974,0.5833333333333179,91.16883116883118 deg,-18.888888888888893 deg,{}
TransitionBlock,2025-12-12 04:11:33.974,2025-12-12 04:11:41.336,0.12269539565817666,,,[]
icrs,2025-12-12 04:11:41.336,2025-12-12 04:12:16.336,0.5833333333333179,87.13375796178345 deg,-14.444444444444446 deg,{}
TransitionBlock,2025-12-12 04:12:16.336,2025-12-12 04:12:55.228,0.6482081923864591,,,[]
icrs,2025-12-12 04:12:55.228,2025-12-12 04:13:30.228,0.5833333333333179,87.65217391304348 deg,-45.55555555555556 deg,{}
TransitionBlock,2025-12-12 04:13:30.228,2025-12-12 04:13:37.550,0.12202948234344646,,,[]
icrs,2025-12-12 04:13:37.550,2025-12-12 04:14:12.550,0.5833333333333179,92.90322580645162 deg,-41.11111111111111 deg,{}
TransitionBlock,2025-12-12 04:14:12.550,2025-12-12 04:14:32.181,0.327185582109184,,,[]
icrs,2025-12-12 04:14:32.181,2025-12-12 04:15:07.181,0.5833333333333179,95.51020408163264 deg,-25.55555555555556 deg,{}
TransitionBlock,2025-12-12 04:15:07.181,2025-12-12 04:15:15.587,0.1401037333017463,,,[]
icrs,2025-12-12 04:15:15.587,2025-12-12 04:15:50.587,0.5833333333333179,96.52173913043478 deg,-32.22222222222223 deg,{}
TransitionBlock,2025-12-12 04:15:50.587,2025-12-12 04:16:19.252,0.477753021120666,,,[]
icrs,2025-12-12 04:16:19.252,2025-12-12 04:16:54.252,0.5833333333333179,84.30379746835443 deg,-12.222222222222223 deg,{}
TransitionBlock,2025-12-12 04:16:54.252,2025-12-12 04:17:27.595,0.5557073216139585,,,[]
icrs,2025-12-12 04:17:27.595,2025-12-12 04:18:02.595,0.5833333333333179,96.18320610687024 deg,-36.66666666666667 deg,{}
TransitionBlock,2025-12-12 04:18:02.595,2025-12-12 04:18:10.974,0.1396481889414325,,,[]
icrs,2025-12-12 04:18:10.974,2025-12-12 04:18:45.974,0.5833333333333179,97.02127659574468 deg,-30.000000000000004 deg,{}
TransitionBlock,2025-12-12 04:18:45.974,2025-12-12 04:19:11.322,0.42247370348976077,,,[]
icrs,2025-12-12 04:19:11.322,2025-12-12 04:19:46.322,0.5833333333333179,84.32432432432432 deg,-47.77777777777778 deg,{}
TransitionBlock,2025-12-12 04:19:46.322,2025-12-12 04:20:28.323,0.7000221667333584,,,[]
icrs,2025-12-12 04:20:28.323,2025-12-12 04:21:03.323,0.5833333333333179,89.4267515923567 deg,-14.444444444444446 deg,{}
TransitionBlock,2025-12-12 04:21:03.323,2025-12-12 04:21:39.637,0.6052193516757498,,,[]
icrs,2025-12-12 04:21:39.637,2025-12-12 04:22:14.637,0.5833333333333179,93.0 deg,-43.333333333333336 deg,{}
TransitionBlock,2025-12-12 04:22:14.637,2025-12-12 04:22:54.138,0.6583608577655831,,,[]
icrs,2025-12-12 04:22:54.138,2025-12-12 04:23:29.138,0.5833333333333179,86.58227848101266 deg,-12.222222222222223 deg,{}
TransitionBlock,2025-12-12 04:23:29.138,2025-12-12 04:24:00.123,0.5164135933143399,,,[]
icrs,2025-12-12 04:24:00.123,2025-12-12 04:24:35.123,0.5833333333333179,98.66666666666669 deg,-34.44444444444445 deg,{}
TransitionBlock,2025-12-12 04:24:35.123,2025-12-12 04:24:43.921,0.14662994700991305,,,[]
icrs,2025-12-12 04:24:43.921,2025-12-12 04:25:18.921,0.5833333333333179,95.80645161290325 deg,-41.11111111111111 deg,{}
TransitionBlock,2025-12-12 04:25:18.921,2025-12-12 04:26:01.100,0.702992706914074,,,[]
icrs,2025-12-12 04:26:01.100,2025-12-12 04:26:36.100,0.5833333333333179,81.0 deg,-10.000000000000002 deg,{}
TransitionBlock,2025-12-12 04:26:36.100,2025-12-12 04:27:21.765,0.7610795410103677,,,[]
icrs,2025-12-12 04:27:21.765,2025-12-12 04:27:56.765,0.5833333333333179,90.78260869565216 deg,-45.55555555555556 deg,{}
TransitionBlock,2025-12-12 04:27:56.765,2025-12-12 04:28:10.253,0.22479396309002198,,,[]
icrs,2025-12-12 04:28:10.253,2025-12-12 04:28:45.253,0.5833333333333179,98.93129770992368 deg,-36.66666666666667 deg,{}
TransitionBlock,2025-12-12 04:28:45.253,2025-12-12 04:28:48.073,0.04700371696152672,,,[]
icrs,2025-12-12 04:28:48.073,2025-12-12 04:29:23.073,0.5833333333333179,98.4375 deg,-38.888888888888886 deg,{}
TransitionBlock,2025-12-12 04:29:23.073,2025-12-12 04:30:02.973,0.6649955546326858,,,[]
icrs,2025-12-12 04:30:02.973,2025-12-12 04:30:37.973,0.5833333333333179,83.25 deg,-10.000000000000002 deg,{}
TransitionBlock,2025-12-12 04:30:37.973,2025-12-12 04:30:45.394,0.12368072781324457,,,[]
icrs,2025-12-12 04:30:45.394,2025-12-12 04:31:20.394,0.5833333333333179,88.8607594936709 deg,-12.222222222222223 deg,{}
TransitionBlock,2025-12-12 04:31:20.394,2025-12-12 04:32:04.858,0.7410784038390794,,,[]
icrs,2025-12-12 04:32:04.858,2025-12-12 04:32:39.858,0.5833333333333179,87.56756756756758 deg,-47.77777777777778 deg,{}
TransitionBlock,2025-12-12 04:32:39.858,2025-12-12 04:32:49.087,0.15381657309214702,,,[]
icrs,2025-12-12 04:32:49.087,2025-12-12 04:33:24.087,0.5833333333333179,96.0 deg,-43.333333333333336 deg,{}
TransitionBlock,2025-12-12 04:33:24.087,2025-12-12 04:33:35.198,0.18518219124530333,,,[]
icrs,2025-12-12 04:33:35.198,2025-12-12 04:34:10.198,0.5833333333333179,96.0 deg,-34.44444444444445 deg,{}
TransitionBlock,2025-12-12 04:34:10.198,2025-12-12 04:34:18.950,0.14585525303278501,,,[]
icrs,2025-12-12 04:34:18.950,2025-12-12 04:34:53.950,0.5833333333333179,98.70967741935485 deg,-41.11111111111111 deg,{}
TransitionBlock,2025-12-12 04:34:53.950,2025-12-12 04:35:35.479,0.692159357074793,,,[]
icrs,2025-12-12 04:35:35.479,2025-12-12 04:36:10.479,0.5833333333333179,85.5 deg,-10.000000000000002 deg,{}
TransitionBlock,2025-12-12 04:36:10.479,2025-12-12 04:36:58.032,0.7925508260253444,,,[]
icrs,2025-12-12 04:36:58.032,2025-12-12 04:37:33.032,0.5833333333333179,90.8108108108108 deg,-47.77777777777778 deg,{}
TransitionBlock,2025-12-12 04:37:33.032,2025-12-12 04:38:20.364,0.7888678666964744,,,[]
icrs,2025-12-12 04:38:20.364,2025-12-12 04:38:55.364,0.5833333333333179,87.75 deg,-10.000000000000002 deg,{}
TransitionBlock,2025-12-12 04:38:55.364,2025-12-12 04:39:38.791,0.7237865628363238,,,[]
icrs,2025-12-12 04:39:38.791,2025-12-12 04:40:13.791,0.5833333333333179,99.0 deg,-43.333333333333336 deg,{}
TransitionBlock,2025-12-12 04:40:13.791,2025-12-12 04:40:33.463,0.32786355322794947,,,[]
icrs,2025-12-12 04:40:33.463,2025-12-12 04:41:08.463,0.5833333333333179,78.11320754716981 deg,-50.0 deg,{}
TransitionBlock,2025-12-12 04:41:08.463,2025-12-12 04:41:31.701,0.3872924568276126,,,[]
icrs,2025-12-12 04:41:31.701,2025-12-12 04:42:06.701,0.5833333333333179,101.61290322580643 deg,-41.11111111111111 deg,{}
TransitionBlock,2025-12-12 04:42:06.701,2025-12-12 04:42:13.635,0.11557466611472833,,,[]
icrs,2025-12-12 04:42:13.635,2025-12-12 04:42:48.635,0.5833333333333179,97.04347826086958 deg,-45.55555555555556 deg,{}
TransitionBlock,2025-12-12 04:42:48.635,2025-12-12 04:43:00.227,0.19319174665142214,,,[]
icrs,2025-12-12 04:43:00.227,2025-12-12 04:43:35.227,0.5833333333333179,84.90566037735849 deg,-50.0 deg,{}
TransitionBlock,2025-12-12 04:43:35.227,2025-12-12 04:43:43.236,0.13348823420985312,,,[]
icrs,2025-12-12 04:43:43.236,2025-12-12 04:44:18.236,0.5833333333333179,94.05405405405406 deg,-47.77777777777778 deg,{}
TransitionBlock,2025-12-12 04:44:18.236,2025-12-12 04:45:10.124,0.8647916312334303,,,[]
icrs,2025-12-12 04:45:10.124,2025-12-12 04:45:45.124,0.5833333333333179,81.0 deg,-7.777777777777779 deg,{}
TransitionBlock,2025-12-12 04:45:45.124,2025-12-12 04:46:35.163,0.8339922528599786,,,[]
icrs,2025-12-12 04:46:35.163,2025-12-12 04:47:10.163,0.5833333333333179,102.0 deg,-43.333333333333336 deg,{}
TransitionBlock,2025-12-12 04:47:10.163,2025-12-12 04:47:59.122,0.8159740700022411,,,[]
icrs,2025-12-12 04:47:59.122,2025-12-12 04:48:34.122,0.5833333333333179,83.25 deg,-7.777777777777779 deg,{}
TransitionBlock,2025-12-12 04:48:34.122,2025-12-12 04:49:24.753,0.8438494767348814,,,[]
icrs,2025-12-12 04:49:24.753,2025-12-12 04:49:59.753,0.5833333333333179,100.17391304347828 deg,-45.55555555555556 deg,{}
TransitionBlock,2025-12-12 04:49:59.753,2025-12-12 04:50:49.560,0.8301242506889395,,,[]
icrs,2025-12-12 04:50:49.560,2025-12-12 04:51:24.560,0.5833333333333179,85.5 deg,-7.777777777777779 deg,{}
TransitionBlock,2025-12-12 04:51:24.560,2025-12-12 04:52:16.107,0.8591114300582525,,,[]
icrs,2025-12-12 04:52:16.107,2025-12-12 04:52:51.107,0.5833333333333179,97.2972972972973 deg,-47.77777777777778 deg,{}
TransitionBlock,2025-12-12 04:52:51.107,2025-12-12 04:52:56.480,0.08955286401059581,,,[]
icrs,2025-12-12 04:52:56.480,2025-12-12 04:53:31.480,0.5833333333333179,91.69811320754718 deg,-50.0 deg,{}
TransitionBlock,2025-12-12 04:53:31.480,2025-12-12 04:53:42.683,0.1867192769102921,,,[]
icrs,2025-12-12 04:53:42.683,2025-12-12 04:54:17.683,0.5833333333333179,103.30434782608695 deg,-45.55555555555556 deg,{}
TransitionBlock,2025-12-12 04:54:17.683,2025-12-12 04:54:21.334,0.0608562798395873,,,[]
icrs,2025-12-12 04:54:21.334,2025-12-12 04:54:56.334,0.5833333333333179,100.54054054054056 deg,-47.77777777777778 deg,{}
TransitionBlock,2025-12-12 04:54:56.334,2025-12-12 04:55:52.464,0.9354983824389684,,,[]
icrs,2025-12-12 04:55:52.464,2025-12-12 04:56:27.464,0.5833333333333179,76.5 deg,-7.777777777777779 deg,{}
TransitionBlock,2025-12-12 04:56:27.464,2025-12-12 04:57:23.653,0.9364774645129437,,,[]
icrs,2025-12-12 04:57:23.653,2025-12-12 04:57:58.653,0.5833333333333179,84.70588235294117 deg,-52.22222222222222 deg,{}
TransitionBlock,2025-12-12 04:57:58.653,2025-12-12 04:58:01.355,0.04503968886840681,,,[]
icrs,2025-12-12 04:58:01.355,2025-12-12 04:58:36.355,0.5833333333333179,88.23529411764706 deg,-52.22222222222222 deg,{}
TransitionBlock,2025-12-12 04:58:36.355,2025-12-12 04:58:41.758,0.0900528415507651,,,[]
icrs,2025-12-12 04:58:41.758,2025-12-12 04:59:16.758,0.5833333333333179,81.17647058823529 deg,-52.22222222222222 deg,{}
TransitionBlock,2025-12-12 04:59:16.758,2025-12-12 04:59:30.592,0.23055017069419037,,,[]
icrs,2025-12-12 04:59:30.592,2025-12-12 05:00:05.592,0.5833333333333179,98.49056603773585 deg,-50.0 deg,{}
TransitionBlock,2025-12-12 05:00:05.592,2025-12-12 05:00:10.751,0.08599520261663329,,,[]
icrs,2025-12-12 05:00:10.751,2025-12-12 05:00:45.751,0.5833333333333179,103.7837837837838 deg,-47.77777777777778 deg,{}
TransitionBlock,2025-12-12 05:00:45.751,2025-12-12 05:00:56.872,0.18534833596776323,,,[]
icrs,2025-12-12 05:00:56.872,2025-12-12 05:01:31.872,0.5833333333333179,91.76470588235294 deg,-52.22222222222222 deg,{}
TransitionBlock,2025-12-12 05:01:31.872,2025-12-12 05:01:42.666,0.17989165062434864,,,[]
icrs,2025-12-12 05:01:42.666,2025-12-12 05:02:17.666,0.5833333333333179,77.6470588235294 deg,-52.22222222222222 deg,{}
TransitionBlock,2025-12-12 05:02:17.666,2025-12-12 05:03:16.487,0.9803567990049267,,,[]
icrs,2025-12-12 05:03:16.487,2025-12-12 05:03:51.487,0.5833333333333179,84.96894409937887 deg,-5.555555555555556 deg,{}
TransitionBlock,2025-12-12 05:03:51.487,2025-12-12 05:04:50.786,0.9883151258648404,,,[]
icrs,2025-12-12 05:04:50.786,2025-12-12 05:05:25.786,0.5833333333333179,95.29411764705884 deg,-52.22222222222222 deg,{}
TransitionBlock,2025-12-12 05:05:25.786,2025-12-12 05:06:25.543,0.9959448608230659,,,[]
icrs,2025-12-12 05:06:25.543,2025-12-12 05:07:00.543,0.5833333333333179,82.73291925465838 deg,-5.555555555555556 deg,{}
TransitionBlock,2025-12-12 05:07:00.543,2025-12-12 05:07:03.325,0.04636500954417144,,,[]
icrs,2025-12-12 05:07:03.325,2025-12-12 05:07:38.325,0.5833333333333179,80.4968944099379 deg,-5.555555555555556 deg,{}
TransitionBlock,2025-12-12 05:07:38.325,2025-12-12 05:08:39.645,1.022001504726724,,,[]
icrs,2025-12-12 05:08:39.645,2025-12-12 05:09:14.645,0.5833333333333179,98.82352941176472 deg,-52.22222222222222 deg,{}
TransitionBlock,2025-12-12 05:09:14.645,2025-12-12 05:10:15.619,1.0162437022695059,,,[]
icrs,2025-12-12 05:10:15.619,2025-12-12 05:10:50.619,0.5833333333333179,74.25 deg,-7.777777777777779 deg,{}
TransitionBlock,2025-12-12 05:10:50.619,2025-12-12 05:11:50.818,1.0033110320459748,,,[]
icrs,2025-12-12 05:11:50.818,2025-12-12 05:12:25.818,0.5833333333333179,89.0721649484536 deg,-54.44444444444444 deg,{}
TransitionBlock,2025-12-12 05:12:25.818,2025-12-12 05:12:36.095,0.17129204968163947,,,[]
icrs,2025-12-12 05:12:36.095,2025-12-12 05:13:11.095,0.5833333333333179,102.3529411764706 deg,-52.22222222222222 deg,{}
TransitionBlock,2025-12-12 05:13:11.095,2025-12-12 05:13:24.045,0.2158329373322765,,,[]
icrs,2025-12-12 05:13:24.045,2025-12-12 05:13:59.045,0.5833333333333179,85.36082474226805 deg,-54.44444444444444 deg,{}
TransitionBlock,2025-12-12 05:13:59.045,2025-12-12 05:14:04.438,0.0898795844724809,,,[]
icrs,2025-12-12 05:14:04.438,2025-12-12 05:14:39.438,0.5833333333333179,92.78350515463916 deg,-54.44444444444444 deg,{}
TransitionBlock,2025-12-12 05:14:39.438,2025-12-12 05:14:53.601,0.2360476698726366,,,[]
icrs,2025-12-12 05:14:53.601,2025-12-12 05:15:28.601,0.5833333333333179,74.11764705882352 deg,-52.22222222222222 deg,{}
TransitionBlock,2025-12-12 05:15:28.601,2025-12-12 05:15:45.460,0.2809760220678825,,,[]
icrs,2025-12-12 05:15:45.460,2025-12-12 05:16:20.460,0.5833333333333179,96.49484536082474 deg,-54.44444444444444 deg,{}
TransitionBlock,2025-12-12 05:16:20.460,2025-12-12 05:16:31.230,0.17950892653161077,,,[]
icrs,2025-12-12 05:16:31.230,2025-12-12 05:17:06.230,0.5833333333333179,81.64948453608248 deg,-54.44444444444444 deg,{}
TransitionBlock,2025-12-12 05:17:06.230,2025-12-12 05:18:07.438,1.0201267555716065,,,[]
icrs,2025-12-12 05:18:07.438,2025-12-12 05:18:42.438,0.5833333333333179,78.26086956521739 deg,-5.555555555555556 deg,{}
TransitionBlock,2025-12-12 05:18:42.438,2025-12-12 05:19:47.444,1.0834447611950537,,,[]
icrs,2025-12-12 05:19:47.444,2025-12-12 05:20:22.444,0.5833333333333179,100.20618556701032 deg,-54.44444444444444 deg,{}
TransitionBlock,2025-12-12 05:20:22.444,2025-12-12 05:20:38.563,0.2686356485542696,,,[]
icrs,2025-12-12 05:20:38.563,2025-12-12 05:21:13.563,0.5833333333333179,77.93814432989691 deg,-54.44444444444444 deg,{}
TransitionBlock,2025-12-12 05:21:13.563,2025-12-12 05:21:32.338,0.3129299691584464,,,[]
icrs,2025-12-12 05:21:32.338,2025-12-12 05:22:07.338,0.5833333333333179,103.91752577319588 deg,-54.44444444444444 deg,{}
TransitionBlock,2025-12-12 05:22:07.338,2025-12-12 05:23:14.767,1.1238123005413136,,,[]
icrs,2025-12-12 05:23:14.767,2025-12-12 05:23:49.767,0.5833333333333179,82.73291925465838 deg,-3.333333333333334 deg,{}
TransitionBlock,2025-12-12 05:23:49.767,2025-12-12 05:24:57.359,1.1265244795863438,,,[]
icrs,2025-12-12 05:24:57.359,2025-12-12 05:25:32.359,0.5833333333333179,93.91304347826087 deg,-56.66666666666667 deg,{}
TransitionBlock,2025-12-12 05:25:32.359,2025-12-12 05:25:46.247,0.23147945632247868,,,[]
icrs,2025-12-12 05:25:46.247,2025-12-12 05:26:21.247,0.5833333333333179,93.91304347826087 deg,-45.55555555555556 deg,{}
TransitionBlock,2025-12-12 05:26:21.247,2025-12-12 05:26:37.914,0.277774145276819,,,[]
icrs,2025-12-12 05:26:37.914,2025-12-12 05:27:12.914,0.5833333333333179,93.91304347826087 deg,-32.22222222222223 deg,{}
TransitionBlock,2025-12-12 05:27:12.914,2025-12-12 05:27:43.656,0.5123697562245155,,,[]
icrs,2025-12-12 05:27:43.656,2025-12-12 05:28:18.656,0.5833333333333179,97.82608695652172 deg,-56.66666666666667 deg,{}
TransitionBlock,2025-12-12 05:28:18.656,2025-12-12 05:28:26.710,0.13422592094778807,,,[]
icrs,2025-12-12 05:28:26.710,2025-12-12 05:29:01.710,0.5833333333333179,86.08695652173913 deg,-56.66666666666667 deg,{}
TransitionBlock,2025-12-12 05:29:01.710,2025-12-12 05:29:32.265,0.5092585724380783,,,[]
icrs,2025-12-12 05:29:32.265,2025-12-12 05:30:07.265,0.5833333333333179,86.08695652173913 deg,-32.22222222222223 deg,{}
TransitionBlock,2025-12-12 05:30:07.265,2025-12-12 05:30:40.679,0.5569017841871293,,,[]
icrs,2025-12-12 05:30:40.679,2025-12-12 05:31:15.679,0.5833333333333179,101.7391304347826 deg,-56.66666666666667 deg,{}
TransitionBlock,2025-12-12 05:31:15.679,2025-12-12 05:31:38.775,0.3849279899381308,,,[]
icrs,2025-12-12 05:31:38.775,2025-12-12 05:32:13.775,0.5833333333333179,70.58823529411765 deg,-52.22222222222222 deg,{}
TransitionBlock,2025-12-12 05:32:13.775,2025-12-12 05:32:23.844,0.1678120959027396,,,[]
icrs,2025-12-12 05:32:23.844,2025-12-12 05:32:58.844,0.5833333333333179,82.17391304347827 deg,-56.66666666666667 deg,{}
TransitionBlock,2025-12-12 05:32:58.844,2025-12-12 05:33:14.891,0.2674624750410537,,,[]
icrs,2025-12-12 05:33:14.891,2025-12-12 05:33:49.891,0.5833333333333179,105.65217391304348 deg,-56.66666666666667 deg,{}
TransitionBlock,2025-12-12 05:33:49.891,2025-12-12 05:34:12.083,0.36985833608630614,,,[]
icrs,2025-12-12 05:34:12.083,2025-12-12 05:34:47.083,0.5833333333333179,74.22680412371135 deg,-54.44444444444444 deg,{}
TransitionBlock,2025-12-12 05:34:47.083,2025-12-12 05:35:51.291,1.0701390419705525,,,[]
icrs,2025-12-12 05:35:51.291,2025-12-12 05:36:26.291,0.5833333333333179,80.4968944099379 deg,-3.333333333333334 deg,{}
TransitionBlock,2025-12-12 05:36:26.291,2025-12-12 05:36:32.518,0.10378075075903936,,,[]
icrs,2025-12-12 05:36:32.518,2025-12-12 05:37:07.518,0.5833333333333179,76.02484472049689 deg,-5.555555555555556 deg,{}
TransitionBlock,2025-12-12 05:37:07.518,2025-12-12 05:38:16.984,1.1577675964241685,,,[]
icrs,2025-12-12 05:38:16.984,2025-12-12 05:38:51.984,0.5833333333333179,96.27906976744188 deg,-58.888888888888886 deg,{}
TransitionBlock,2025-12-12 05:38:51.984,2025-12-12 05:38:54.687,0.04505337628520678,,,[]
icrs,2025-12-12 05:38:54.687,2025-12-12 05:39:29.687,0.5833333333333179,92.09302325581396 deg,-58.888888888888886 deg,{}
TransitionBlock,2025-12-12 05:39:29.687,2025-12-12 05:39:35.091,0.09006248855540022,,,[]
icrs,2025-12-12 05:39:35.091,2025-12-12 05:40:10.091,0.5833333333333179,100.46511627906976 deg,-58.888888888888886 deg,{}
TransitionBlock,2025-12-12 05:40:10.091,2025-12-12 05:40:25.076,0.24974250523676744,,,[]
icrs,2025-12-12 05:40:25.076,2025-12-12 05:41:00.076,0.5833333333333179,78.26086956521738 deg,-56.66666666666667 deg,{}
TransitionBlock,2025-12-12 05:41:00.076,2025-12-12 05:41:30.631,0.5092636206038037,,,[]
icrs,2025-12-12 05:41:30.631,2025-12-12 05:42:05.631,0.5833333333333179,78.26086956521738 deg,-32.22222222222223 deg,{}
TransitionBlock,2025-12-12 05:42:05.631,2025-12-12 05:42:39.938,0.5717764083412824,,,[]
icrs,2025-12-12 05:42:39.938,2025-12-12 05:43:14.938,0.5833333333333179,87.90697674418605 deg,-58.888888888888886 deg,{}
TransitionBlock,2025-12-12 05:43:14.938,2025-12-12 05:43:25.724,0.17977171833672756,,,[]
icrs,2025-12-12 05:43:25.724,2025-12-12 05:44:00.724,0.5833333333333179,104.65116279069768 deg,-58.888888888888886 deg,{}
TransitionBlock,2025-12-12 05:44:00.724,2025-12-12 05:44:14.187,0.22438323467666166,,,[]
icrs,2025-12-12 05:44:14.187,2025-12-12 05:44:49.187,0.5833333333333179,83.72093023255815 deg,-58.888888888888886 deg,{}
TransitionBlock,2025-12-12 05:44:49.187,2025-12-12 05:46:01.416,1.203812941907838,,,[]
icrs,2025-12-12 05:46:01.416,2025-12-12 05:46:36.416,0.5833333333333179,82.73291925465838 deg,-1.1111111111111112 deg,{}
TransitionBlock,2025-12-12 05:46:36.416,2025-12-12 05:46:42.654,0.10396854806810296,,,[]
icrs,2025-12-12 05:46:42.654,2025-12-12 05:47:17.654,0.5833333333333179,78.26086956521739 deg,-3.333333333333334 deg,{}
TransitionBlock,2025-12-12 05:47:17.654,2025-12-12 05:48:22.030,1.0729276282348543,,,[]
icrs,2025-12-12 05:48:22.030,2025-12-12 05:48:57.030,0.5833333333333179,70.51546391752578 deg,-54.44444444444444 deg,{}
TransitionBlock,2025-12-12 05:48:57.030,2025-12-12 05:49:16.829,0.3299793460795897,,,[]
icrs,2025-12-12 05:49:16.829,2025-12-12 05:49:51.829,0.5833333333333179,97.77777777777776 deg,-61.11111111111111 deg,{}
TransitionBlock,2025-12-12 05:49:51.829,2025-12-12 05:49:54.512,0.04472377349022949,,,[]
icrs,2025-12-12 05:49:54.512,2025-12-12 05:50:29.512,0.5833333333333179,93.33333333333331 deg,-61.11111111111111 deg,{}
TransitionBlock,2025-12-12 05:50:29.512,2025-12-12 05:51:02.845,0.5555504846679682,,,[]
icrs,2025-12-12 05:51:02.845,2025-12-12 05:51:37.845,0.5833333333333179,93.33333333333331 deg,-34.44444444444445 deg,{}
TransitionBlock,2025-12-12 05:51:37.845,2025-12-12 05:52:11.934,0.5681426842471815,,,[]
icrs,2025-12-12 05:52:11.934,2025-12-12 05:52:46.934,0.5833333333333179,102.22222222222224 deg,-61.11111111111111 deg,{}
TransitionBlock,2025-12-12 05:52:46.934,2025-12-12 05:53:05.610,0.31127414662256214,,,[]
icrs,2025-12-12 05:53:05.610,2025-12-12 05:53:40.610,0.5833333333333179,74.34782608695652 deg,-56.66666666666667 deg,{}
TransitionBlock,2025-12-12 05:53:40.610,2025-12-12 05:54:01.967,0.35594819089524776,,,[]
icrs,2025-12-12 05:54:01.967,2025-12-12 05:54:36.967,0.5833333333333179,106.66666666666666 deg,-61.11111111111111 deg,{}
TransitionBlock,2025-12-12 05:54:36.967,2025-12-12 05:54:54.022,0.28425302676843955,,,[]
icrs,2025-12-12 05:54:54.022,2025-12-12 05:55:29.022,0.5833333333333179,79.53488372093024 deg,-58.888888888888886 deg,{}
TransitionBlock,2025-12-12 05:55:29.022,2025-12-12 05:55:35.487,0.10774878013499745,,,[]
icrs,2025-12-12 05:55:35.487,2025-12-12 05:56:10.487,0.5833333333333179,88.88888888888889 deg,-61.11111111111111 deg,{}
TransitionBlock,2025-12-12 05:56:10.487,2025-12-12 05:56:29.003,0.3085991184284076,,,[]
icrs,2025-12-12 05:56:29.003,2025-12-12 05:57:04.003,0.5833333333333179,67.05882352941177 deg,-52.22222222222222 deg,{}
TransitionBlock,2025-12-12 05:57:04.003,2025-12-12 05:57:20.222,0.2703098052205277,,,[]
icrs,2025-12-12 05:57:20.222,2025-12-12 05:57:55.222,0.5833333333333179,84.44444444444444 deg,-61.11111111111111 deg,{}
TransitionBlock,2025-12-12 05:57:55.222,2025-12-12 05:59:10.316,1.2515824204097825,,,[]
icrs,2025-12-12 05:59:10.316,2025-12-12 05:59:45.316,0.5833333333333179,80.4968944099379 deg,-1.1111111111111112 deg,{}
TransitionBlock,2025-12-12 05:59:45.316,2025-12-12 06:01:05.054,1.3289621209691216,,,[]
icrs,2025-12-12 06:01:05.054,2025-12-12 06:01:40.054,0.5833333333333179,99.47368421052632 deg,-63.33333333333333 deg,{}
TransitionBlock,2025-12-12 06:01:40.054,2025-12-12 06:01:42.711,0.044278878534473876,,,[]
icrs,2025-12-12 06:01:42.711,2025-12-12 06:02:17.711,0.5833333333333179,104.21052631578948 deg,-63.33333333333333 deg,{}
TransitionBlock,2025-12-12 06:02:17.711,2025-12-12 06:02:23.021,0.08849746250336743,,,[]
icrs,2025-12-12 06:02:23.021,2025-12-12 06:02:58.021,0.5833333333333179,94.73684210526316 deg,-63.33333333333333 deg,{}
TransitionBlock,2025-12-12 06:02:58.021,2025-12-12 06:03:10.913,0.21486637001321363,,,[]
icrs,2025-12-12 06:03:10.913,2025-12-12 06:03:45.913,0.5833333333333179,75.34883720930233 deg,-58.888888888888886 deg,{}
TransitionBlock,2025-12-12 06:03:45.913,2025-12-12 06:03:49.932,0.06698421988962089,,,[]
icrs,2025-12-12 06:03:49.932,2025-12-12 06:04:24.932,0.5833333333333179,80.0 deg,-61.11111111111111 deg,{}
TransitionBlock,2025-12-12 06:04:24.932,2025-12-12 06:04:58.265,0.5555592358708505,,,[]
icrs,2025-12-12 06:04:58.265,2025-12-12 06:05:33.265,0.5833333333333179,80.0 deg,-34.44444444444445 deg,{}
TransitionBlock,2025-12-12 06:05:33.265,2025-12-12 06:05:41.599,0.13888967824549958,,,[]
icrs,2025-12-12 06:05:41.599,2025-12-12 06:06:16.599,0.5833333333333179,80.0 deg,-27.777777777777786 deg,{}
TransitionBlock,2025-12-12 06:06:16.599,2025-12-12 06:06:53.700,0.6183535918801475,,,[]
icrs,2025-12-12 06:06:53.700,2025-12-12 06:07:28.700,0.5833333333333179,70.43478260869564 deg,-56.66666666666667 deg,{}
TransitionBlock,2025-12-12 06:07:28.700,2025-12-12 06:07:59.256,0.5092686594003837,,,[]
icrs,2025-12-12 06:07:59.256,2025-12-12 06:08:34.256,0.5833333333333179,70.43478260869564 deg,-32.22222222222223 deg,{}
TransitionBlock,2025-12-12 06:08:34.256,2025-12-12 06:09:14.864,0.6768003673819223,,,[]
icrs,2025-12-12 06:09:14.864,2025-12-12 06:09:49.864,0.5833333333333179,85.26315789473684 deg,-63.33333333333333 deg,{}
TransitionBlock,2025-12-12 06:09:49.864,2025-12-12 06:10:42.642,0.8796292047125753,,,[]
icrs,2025-12-12 06:10:42.642,2025-12-12 06:11:17.642,0.5833333333333179,85.26315789473684 deg,-21.11111111111111 deg,{}
TransitionBlock,2025-12-12 06:11:17.642,2025-12-12 06:12:02.817,0.7529235003982038,,,[]
icrs,2025-12-12 06:12:02.817,2025-12-12 06:12:37.817,0.5833333333333179,66.80412371134021 deg,-54.44444444444444 deg,{}
TransitionBlock,2025-12-12 06:12:37.817,2025-12-12 06:13:06.349,0.47553216682380217,,,[]
icrs,2025-12-12 06:13:06.349,2025-12-12 06:13:41.349,0.5833333333333179,108.0 deg,-65.55555555555556 deg,{}
TransitionBlock,2025-12-12 06:13:41.349,2025-12-12 06:13:46.664,0.08857420599540866,,,[]
icrs,2025-12-12 06:13:46.664,2025-12-12 06:14:21.664,0.5833333333333179,97.71428571428572 deg,-65.55555555555556 deg,{}
TransitionBlock,2025-12-12 06:14:21.664,2025-12-12 06:14:35.187,0.22538052578499723,,,[]
icrs,2025-12-12 06:14:35.187,2025-12-12 06:15:10.187,0.5833333333333179,75.55555555555556 deg,-61.11111111111111 deg,{}
TransitionBlock,2025-12-12 06:15:10.187,2025-12-12 06:15:14.091,0.06506808386297358,,,[]
icrs,2025-12-12 06:15:14.091,2025-12-12 06:15:49.091,0.5833333333333179,71.16279069767441 deg,-58.888888888888886 deg,{}
TransitionBlock,2025-12-12 06:15:49.091,2025-12-12 06:15:57.003,0.13187855731695564,,,[]
icrs,2025-12-12 06:15:57.003,2025-12-12 06:16:32.003,0.5833333333333179,80.52631578947368 deg,-63.33333333333333 deg,{}
TransitionBlock,2025-12-12 06:16:32.003,2025-12-12 06:17:24.781,0.879634591910543,,,[]
icrs,2025-12-12 06:17:24.781,2025-12-12 06:17:59.781,0.5833333333333179,80.52631578947368 deg,-21.11111111111111 deg,{}
TransitionBlock,2025-12-12 06:17:59.781,2025-12-12 06:18:22.668,0.38144417516810414,,,[]
icrs,2025-12-12 06:18:22.668,2025-12-12 06:18:57.668,0.5833333333333179,76.02484472049689 deg,-3.333333333333334 deg,{}
TransitionBlock,2025-12-12 06:18:57.668,2025-12-12 06:19:01.603,0.06557590263041035,,,[]
icrs,2025-12-12 06:19:01.603,2025-12-12 06:19:36.603,0.5833333333333179,73.7888198757764 deg,-5.555555555555556 deg,{}
TransitionBlock,2025-12-12 06:19:36.603,2025-12-12 06:20:52.560,1.2659602416372984,,,[]
icrs,2025-12-12 06:20:52.560,2025-12-12 06:21:27.560,0.5833333333333179,87.42857142857143 deg,-65.55555555555556 deg,{}
TransitionBlock,2025-12-12 06:21:27.560,2025-12-12 06:21:37.533,0.16622041488087547,,,[]
icrs,2025-12-12 06:21:37.533,2025-12-12 06:22:12.533,0.5833333333333179,106.875 deg,-67.77777777777777 deg,{}
TransitionBlock,2025-12-12 06:22:12.533,2025-12-12 06:22:15.192,0.04430466220167517,,,[]
icrs,2025-12-12 06:22:15.192,2025-12-12 06:22:50.192,0.5833333333333179,101.25 deg,-67.77777777777777 deg,{}
TransitionBlock,2025-12-12 06:22:50.192,2025-12-12 06:23:19.944,0.49586789843396595,,,[]
icrs,2025-12-12 06:23:19.944,2025-12-12 06:23:54.944,0.5833333333333179,63.52941176470589 deg,-52.22222222222222 deg,{}
TransitionBlock,2025-12-12 06:23:54.944,2025-12-12 06:25:00.668,1.0953962220020674,,,[]
icrs,2025-12-12 06:25:00.668,2025-12-12 06:25:35.668,0.5833333333333179,78.26086956521739 deg,-1.1111111111111112 deg,{}
TransitionBlock,2025-12-12 06:25:35.668,2025-12-12 06:27:00.340,1.411204108964661,,,[]
icrs,2025-12-12 06:27:00.340,2025-12-12 06:27:35.340,0.5833333333333179,95.625 deg,-67.77777777777777 deg,{}
TransitionBlock,2025-12-12 06:27:35.340,2025-12-12 06:28:11.451,0.6018462194566077,,,[]
icrs,2025-12-12 06:28:11.451,2025-12-12 06:28:46.451,0.5833333333333179,95.625 deg,-38.888888888888886 deg,{}
TransitionBlock,2025-12-12 06:28:46.451,2025-12-12 06:29:19.040,0.5431581963745202,,,[]
icrs,2025-12-12 06:29:19.040,2025-12-12 06:29:54.040,0.5833333333333179,66.52173913043478 deg,-56.66666666666667 deg,{}
TransitionBlock,2025-12-12 06:29:54.040,2025-12-12 06:30:04.168,0.1687909377122665,,,[]
icrs,2025-12-12 06:30:04.168,2025-12-12 06:30:39.168,0.5833333333333179,75.78947368421052 deg,-63.33333333333333 deg,{}
TransitionBlock,2025-12-12 06:30:39.168,2025-12-12 06:31:31.946,0.8796399967793356,,,[]
icrs,2025-12-12 06:31:31.946,2025-12-12 06:32:06.946,0.5833333333333179,75.78947368421052 deg,-21.11111111111111 deg,{}
TransitionBlock,2025-12-12 06:32:06.946,2025-12-12 06:32:57.114,0.8361295517500089,,,[]
icrs,2025-12-12 06:32:57.114,2025-12-12 06:33:32.114,0.5833333333333179,71.11111111111111 deg,-61.11111111111111 deg,{}
TransitionBlock,2025-12-12 06:33:32.114,2025-12-12 06:34:50.415,1.3050156722590867,,,[]
icrs,2025-12-12 06:34:50.415,2025-12-12 06:35:25.415,0.5833333333333179,80.4968944099379 deg,1.1111111111111112 deg,{}
TransitionBlock,2025-12-12 06:35:25.415,2025-12-12 06:36:56.719,1.521736167073593,,,[]
icrs,2025-12-12 06:36:56.719,2025-12-12 06:37:31.719,0.5833333333333179,105.51724137931036 deg,-70.0 deg,{}
TransitionBlock,2025-12-12 06:37:31.719,2025-12-12 06:37:34.371,0.04420737592951696,,,[]
icrs,2025-12-12 06:37:34.371,2025-12-12 06:38:09.371,0.5833333333333179,99.3103448275862 deg,-70.0 deg,{}
TransitionBlock,2025-12-12 06:38:09.371,2025-12-12 06:38:16.623,0.1208642534100246,,,[]
icrs,2025-12-12 06:38:16.623,2025-12-12 06:38:51.623,0.5833333333333179,84.375 deg,-67.77777777777777 deg,{}
TransitionBlock,2025-12-12 06:38:51.623,2025-12-12 06:39:27.734,0.6018532661763754,,,[]
icrs,2025-12-12 06:39:27.734,2025-12-12 06:40:02.734,0.5833333333333179,84.375 deg,-38.888888888888886 deg,{}
TransitionBlock,2025-12-12 06:40:02.734,2025-12-12 06:40:31.340,0.4767589808375394,,,[]
icrs,2025-12-12 06:40:31.340,2025-12-12 06:41:06.340,0.5833333333333179,66.97674418604652 deg,-58.888888888888886 deg,{}
TransitionBlock,2025-12-12 06:41:06.340,2025-12-12 06:41:25.830,0.3248442118039474,,,[]
icrs,2025-12-12 06:41:25.830,2025-12-12 06:42:00.830,0.5833333333333179,93.10344827586206 deg,-70.0 deg,{}
TransitionBlock,2025-12-12 06:42:00.830,2025-12-12 06:42:26.449,0.42696895320758266,,,[]
icrs,2025-12-12 06:42:26.449,2025-12-12 06:43:01.449,0.5833333333333179,63.09278350515464 deg,-54.44444444444444 deg,{}
TransitionBlock,2025-12-12 06:43:01.449,2025-12-12 06:43:13.670,0.2036962090702854,,,[]
icrs,2025-12-12 06:43:13.670,2025-12-12 06:43:48.670,0.5833333333333179,71.05263157894737 deg,-63.33333333333333 deg,{}
TransitionBlock,2025-12-12 06:43:48.670,2025-12-12 06:44:41.449,0.8796453474203858,,,[]
icrs,2025-12-12 06:44:41.449,2025-12-12 06:45:16.449,0.5833333333333179,71.05263157894737 deg,-21.11111111111111 deg,{}
TransitionBlock,2025-12-12 06:45:16.449,2025-12-12 06:46:25.636,1.153122886525395,,,[]
icrs,2025-12-12 06:46:25.636,2025-12-12 06:47:00.636,0.5833333333333179,108.67924528301889 deg,-72.22222222222221 deg,{}
TransitionBlock,2025-12-12 06:47:00.636,2025-12-12 06:47:09.819,0.15304599922838946,,,[]
icrs,2025-12-12 06:47:09.819,2025-12-12 06:47:44.819,0.5833333333333179,86.89655172413794 deg,-70.0 deg,{}
TransitionBlock,2025-12-12 06:47:44.819,2025-12-12 06:47:49.414,0.07658225853660383,,,[]
icrs,2025-12-12 06:47:49.414,2025-12-12 06:48:24.414,0.5833333333333179,78.75 deg,-67.77777777777777 deg,{}
TransitionBlock,2025-12-12 06:48:24.414,2025-12-12 06:49:00.526,0.601856838214081,,,[]
icrs,2025-12-12 06:49:00.526,2025-12-12 06:49:35.526,0.5833333333333179,78.75 deg,-38.888888888888886 deg,{}
TransitionBlock,2025-12-12 06:49:35.526,2025-12-12 06:50:11.637,0.6018562657134741,,,[]
icrs,2025-12-12 06:50:11.637,2025-12-12 06:50:46.637,0.5833333333333179,78.75 deg,-10.000000000000002 deg,{}
TransitionBlock,2025-12-12 06:50:46.637,2025-12-12 06:50:49.415,0.04629657854490432,,,[]
icrs,2025-12-12 06:50:49.415,2025-12-12 06:51:24.415,0.5833333333333179,78.75 deg,-7.777777777777779 deg,{}
TransitionBlock,2025-12-12 06:51:24.415,2025-12-12 06:52:46.890,1.3745859449811437,,,[]
icrs,2025-12-12 06:52:46.890,2025-12-12 06:53:21.890,0.5833333333333179,101.8867924528302 deg,-72.22222222222221 deg,{}
TransitionBlock,2025-12-12 06:53:21.890,2025-12-12 06:53:49.667,0.4629578062357531,,,[]
icrs,2025-12-12 06:53:49.667,2025-12-12 06:54:24.667,0.5833333333333179,101.8867924528302 deg,-50.0 deg,{}
TransitionBlock,2025-12-12 06:54:24.667,2025-12-12 06:54:52.705,0.46728710292513576,,,[]
icrs,2025-12-12 06:54:52.705,2025-12-12 06:55:27.705,0.5833333333333179,95.09433962264151 deg,-72.22222222222221 deg,{}
TransitionBlock,2025-12-12 06:55:27.705,2025-12-12 06:55:55.482,0.46296037399887524,,,[]
icrs,2025-12-12 06:55:55.482,2025-12-12 06:56:30.482,0.5833333333333179,95.09433962264151 deg,-50.0 deg,{}
TransitionBlock,2025-12-12 06:56:30.482,2025-12-12 06:56:54.605,0.4020518007696694,,,[]
icrs,2025-12-12 06:56:54.605,2025-12-12 06:57:29.605,0.5833333333333179,66.66666666666666 deg,-61.11111111111111 deg,{}
TransitionBlock,2025-12-12 06:57:29.605,2025-12-12 06:58:02.939,0.5555680005244135,,,[]
icrs,2025-12-12 06:58:02.939,2025-12-12 06:58:37.939,0.5833333333333179,66.66666666666666 deg,-34.44444444444445 deg,{}
TransitionBlock,2025-12-12 06:58:37.939,2025-12-12 06:59:23.410,0.7578377035675565,,,[]
icrs,2025-12-12 06:59:23.410,2025-12-12 06:59:58.410,0.5833333333333179,80.68965517241381 deg,-70.0 deg,{}
TransitionBlock,2025-12-12 06:59:58.410,2025-12-12 07:00:02.552,0.06904323490610764,,,[]
icrs,2025-12-12 07:00:02.552,2025-12-12 07:00:37.552,0.5833333333333179,88.30188679245283 deg,-72.22222222222221 deg,{}
TransitionBlock,2025-12-12 07:00:37.552,2025-12-12 07:01:05.330,0.46296301926831873,,,[]
icrs,2025-12-12 07:01:05.330,2025-12-12 07:01:40.330,0.5833333333333179,88.30188679245283 deg,-50.0 deg,{}
TransitionBlock,2025-12-12 07:01:40.330,2025-12-12 07:02:12.461,0.5355222538595861,,,[]
icrs,2025-12-12 07:02:12.461,2025-12-12 07:02:47.461,0.5833333333333179,107.23404255319149 deg,-74.44444444444444 deg,{}
TransitionBlock,2025-12-12 07:02:47.461,2025-12-12 07:02:50.027,0.0427637722915275,,,[]
icrs,2025-12-12 07:02:50.027,2025-12-12 07:03:25.027,0.5833333333333179,99.5744680851064 deg,-74.44444444444444 deg,{}
TransitionBlock,2025-12-12 07:03:25.027,2025-12-12 07:03:38.399,0.22285744150285502,,,[]
icrs,2025-12-12 07:03:38.399,2025-12-12 07:04:13.399,0.5833333333333179,73.125 deg,-67.77777777777777 deg,{}
TransitionBlock,2025-12-12 07:04:13.399,2025-12-12 07:04:49.510,0.6018604009831208,,,[]
icrs,2025-12-12 07:04:49.510,2025-12-12 07:05:24.510,0.5833333333333179,73.125 deg,-38.888888888888886 deg,{}
TransitionBlock,2025-12-12 07:05:24.510,2025-12-12 07:05:48.361,0.3975064189943822,,,[]
icrs,2025-12-12 07:05:48.361,2025-12-12 07:06:23.361,0.5833333333333179,62.608695652173914 deg,-56.66666666666667 deg,{}
TransitionBlock,2025-12-12 07:06:23.361,2025-12-12 07:06:37.250,0.23148749969116977,,,[]
icrs,2025-12-12 07:06:37.250,2025-12-12 07:07:12.250,0.5833333333333179,62.608695652173914 deg,-45.55555555555556 deg,{}
TransitionBlock,2025-12-12 07:07:12.250,2025-12-12 07:07:28.917,0.27778610776821644,,,[]
icrs,2025-12-12 07:07:28.917,2025-12-12 07:08:03.917,0.5833333333333179,62.608695652173914 deg,-32.22222222222223 deg,{}
TransitionBlock,2025-12-12 07:08:03.917,2025-12-12 07:08:42.917,0.6499976510021455,,,[]
icrs,2025-12-12 07:08:42.917,2025-12-12 07:09:17.917,0.5833333333333179,66.3157894736842 deg,-63.33333333333333 deg,{}
TransitionBlock,2025-12-12 07:09:17.917,2025-12-12 07:10:10.696,0.8796506449289776,,,[]
icrs,2025-12-12 07:10:10.696,2025-12-12 07:10:45.696,0.5833333333333179,66.3157894736842 deg,-21.11111111111111 deg,{}
TransitionBlock,2025-12-12 07:10:45.696,2025-12-12 07:11:54.532,1.1472717547336764,,,[]
icrs,2025-12-12 07:11:54.532,2025-12-12 07:12:29.532,0.5833333333333179,91.91489361702128 deg,-74.44444444444444 deg,{}
TransitionBlock,2025-12-12 07:12:29.532,2025-12-12 07:13:25.088,0.9259206840450673,,,[]
icrs,2025-12-12 07:13:25.088,2025-12-12 07:14:00.088,0.5833333333333179,91.91489361702128 deg,-30.000000000000004 deg,{}
TransitionBlock,2025-12-12 07:14:00.088,2025-12-12 07:14:53.327,0.8873238279846429,,,[]
icrs,2025-12-12 07:14:53.327,2025-12-12 07:15:28.327,0.5833333333333179,81.50943396226415 deg,-72.22222222222221 deg,{}
TransitionBlock,2025-12-12 07:15:28.327,2025-12-12 07:15:56.105,0.46296571136182685,,,[]
icrs,2025-12-12 07:15:56.105,2025-12-12 07:16:31.105,0.5833333333333179,81.50943396226415 deg,-50.0 deg,{}
TransitionBlock,2025-12-12 07:16:31.105,2025-12-12 07:17:06.406,0.5883486466745858,,,[]
icrs,2025-12-12 07:17:06.406,2025-12-12 07:17:41.406,0.5833333333333179,105.3658536585366 deg,-76.66666666666667 deg,{}
TransitionBlock,2025-12-12 07:17:41.406,2025-12-12 07:17:54.994,0.22647471944059916,,,[]
icrs,2025-12-12 07:17:54.994,2025-12-12 07:18:29.994,0.5833333333333179,74.48275862068967 deg,-70.0 deg,{}
TransitionBlock,2025-12-12 07:18:29.994,2025-12-12 07:18:45.186,0.25319411420133164,,,[]
icrs,2025-12-12 07:18:45.186,2025-12-12 07:19:20.186,0.5833333333333179,62.79069767441862 deg,-58.888888888888886 deg,{}
TransitionBlock,2025-12-12 07:19:20.186,2025-12-12 07:19:28.845,0.14432075549958512,,,[]
icrs,2025-12-12 07:19:28.845,2025-12-12 07:20:03.845,0.5833333333333179,66.85714285714286 deg,-65.55555555555556 deg,{}
TransitionBlock,2025-12-12 07:20:03.845,2025-12-12 07:20:17.104,0.2209818427463084,,,[]
icrs,2025-12-12 07:20:17.104,2025-12-12 07:20:52.104,0.5833333333333179,84.25531914893617 deg,-74.44444444444444 deg,{}
TransitionBlock,2025-12-12 07:20:52.104,2025-12-12 07:21:47.660,0.9259281778968464,,,[]
icrs,2025-12-12 07:21:47.660,2025-12-12 07:22:22.660,0.5833333333333179,84.25531914893617 deg,-30.000000000000004 deg,{}
TransitionBlock,2025-12-12 07:22:22.660,2025-12-12 07:23:21.445,0.9797597445785478,,,[]
icrs,2025-12-12 07:23:21.445,2025-12-12 07:23:56.445,0.5833333333333179,96.58536585365854 deg,-76.66666666666667 deg,{}
TransitionBlock,2025-12-12 07:23:56.445,2025-12-12 07:24:05.553,0.15178592659607304,,,[]
icrs,2025-12-12 07:24:05.553,2025-12-12 07:24:40.553,0.5833333333333179,74.71698113207547 deg,-72.22222222222221 deg,{}
TransitionBlock,2025-12-12 07:24:40.553,2025-12-12 07:25:08.331,0.4629683934997786,,,[]
icrs,2025-12-12 07:25:08.331,2025-12-12 07:25:43.331,0.5833333333333179,74.71698113207547 deg,-50.0 deg,{}
TransitionBlock,2025-12-12 07:25:43.331,2025-12-12 07:26:17.274,0.5657160130264138,,,[]
icrs,2025-12-12 07:26:17.274,2025-12-12 07:26:52.274,0.5833333333333179,87.8048780487805 deg,-76.66666666666667 deg,{}
TransitionBlock,2025-12-12 07:26:52.274,2025-12-12 07:27:14.449,0.369591040790489,,,[]
icrs,2025-12-12 07:27:14.449,2025-12-12 07:27:49.449,0.5833333333333179,62.22222222222222 deg,-61.11111111111111 deg,{}
TransitionBlock,2025-12-12 07:27:49.449,2025-12-12 07:28:00.980,0.19217592033971442,,,[]
icrs,2025-12-12 07:28:00.980,2025-12-12 07:28:35.980,0.5833333333333179,68.27586206896552 deg,-70.0 deg,{}
TransitionBlock,2025-12-12 07:28:35.980,2025-12-12 07:28:42.366,0.10643133015388884,,,[]
icrs,2025-12-12 07:28:42.366,2025-12-12 07:29:17.366,0.5833333333333179,76.59574468085107 deg,-74.44444444444444 deg,{}
TransitionBlock,2025-12-12 07:29:17.366,2025-12-12 07:30:12.922,0.9259357113710109,,,[]
icrs,2025-12-12 07:30:12.922,2025-12-12 07:30:47.922,0.5833333333333179,76.59574468085107 deg,-30.000000000000004 deg,{}
TransitionBlock,2025-12-12 07:30:47.922,2025-12-12 07:31:49.644,1.0287003390056082,,,[]
icrs,2025-12-12 07:31:49.644,2025-12-12 07:32:24.644,0.5833333333333179,92.57142857142856 deg,-78.88888888888889 deg,{}
TransitionBlock,2025-12-12 07:32:24.644,2025-12-12 07:32:41.310,0.2777779089432375,,,[]
icrs,2025-12-12 07:32:41.310,2025-12-12 07:33:16.310,0.5833333333333179,92.57142857142856 deg,-65.55555555555556 deg,{}
TransitionBlock,2025-12-12 07:33:16.310,2025-12-12 07:33:33.073,0.27938552018264673,,,[]
icrs,2025-12-12 07:33:33.073,2025-12-12 07:34:08.073,0.5833333333333179,61.57894736842105 deg,-63.33333333333333 deg,{}
TransitionBlock,2025-12-12 07:34:08.073,2025-12-12 07:34:26.160,0.3014362486427835,,,[]
icrs,2025-12-12 07:34:26.160,2025-12-12 07:35:01.160,0.5833333333333179,79.02439024390245 deg,-76.66666666666667 deg,{}
TransitionBlock,2025-12-12 07:35:01.160,2025-12-12 07:35:07.823,0.11104879592506833,,,[]
icrs,2025-12-12 07:35:07.823,2025-12-12 07:35:42.823,0.5833333333333179,67.9245283018868 deg,-72.22222222222221 deg,{}
TransitionBlock,2025-12-12 07:35:42.823,2025-12-12 07:36:10.601,0.46297103586082855,,,[]
icrs,2025-12-12 07:36:10.601,2025-12-12 07:36:45.601,0.5833333333333179,67.9245283018868 deg,-50.0 deg,{}
TransitionBlock,2025-12-12 07:36:45.601,2025-12-12 07:36:54.173,0.14287301794430718,,,[]
icrs,2025-12-12 07:36:54.173,2025-12-12 07:37:29.173,0.5833333333333179,59.381443298969074 deg,-54.44444444444444 deg,{}
TransitionBlock,2025-12-12 07:37:29.173,2025-12-12 07:38:06.248,0.6179109137907624,,,[]
icrs,2025-12-12 07:38:06.248,2025-12-12 07:38:41.248,0.5833333333333179,102.85714285714286 deg,-81.11111111111111 deg,{}
TransitionBlock,2025-12-12 07:38:41.248,2025-12-12 07:38:44.026,0.04629630343249147,,,[]
icrs,2025-12-12 07:38:44.026,2025-12-12 07:39:19.026,0.5833333333333179,102.85714285714286 deg,-78.88888888888889 deg,{}
TransitionBlock,2025-12-12 07:39:19.026,2025-12-12 07:39:35.692,0.277776429590757,,,[]
icrs,2025-12-12 07:39:35.692,2025-12-12 07:40:10.692,0.5833333333333179,102.85714285714286 deg,-65.55555555555556 deg,{}
TransitionBlock,2025-12-12 07:40:10.692,2025-12-12 07:40:28.871,0.30297697804788193,,,[]
icrs,2025-12-12 07:40:28.871,2025-12-12 07:41:03.871,0.5833333333333179,82.28571428571429 deg,-78.88888888888889 deg,{}
TransitionBlock,2025-12-12 07:41:03.871,2025-12-12 07:41:20.538,0.2777794462220218,,,[]
icrs,2025-12-12 07:41:20.538,2025-12-12 07:41:55.538,0.5833333333333179,82.28571428571429 deg,-65.55555555555556 deg,{}
TransitionBlock,2025-12-12 07:41:55.538,2025-12-12 07:42:07.962,0.20706955519807835,,,[]
icrs,2025-12-12 07:42:07.962,2025-12-12 07:42:42.962,0.5833333333333179,68.93617021276596 deg,-74.44444444444444 deg,{}
TransitionBlock,2025-12-12 07:42:42.962,2025-12-12 07:43:38.518,0.9259431590062395,,,[]
icrs,2025-12-12 07:43:38.518,2025-12-12 07:44:13.518,0.5833333333333179,68.93617021276596 deg,-30.000000000000004 deg,{}
TransitionBlock,2025-12-12 07:44:13.518,2025-12-12 07:45:01.031,0.7918822080807342,,,[]
icrs,2025-12-12 07:45:01.031,2025-12-12 07:45:36.031,0.5833333333333179,61.87499999999999 deg,-67.77777777777777 deg,{}
TransitionBlock,2025-12-12 07:45:36.031,2025-12-12 07:46:12.143,0.6018673283817755,,,[]
icrs,2025-12-12 07:46:12.143,2025-12-12 07:46:47.143,0.5833333333333179,61.87499999999999 deg,-38.888888888888886 deg,{}
TransitionBlock,2025-12-12 07:46:47.143,2025-12-12 07:47:34.590,0.7907713998249566,,,[]
icrs,2025-12-12 07:47:34.590,2025-12-12 07:48:09.590,0.5833333333333179,70.2439024390244 deg,-76.66666666666667 deg,{}
TransitionBlock,2025-12-12 07:48:09.590,2025-12-12 07:48:18.404,0.14690197349253253,,,[]
icrs,2025-12-12 07:48:18.404,2025-12-12 07:48:53.404,0.5833333333333179,62.06896551724138 deg,-70.0 deg,{}
TransitionBlock,2025-12-12 07:48:53.404,2025-12-12 07:49:10.172,0.2794646682946311,,,[]
icrs,2025-12-12 07:49:10.172,2025-12-12 07:49:45.172,0.5833333333333179,58.69565217391305 deg,-56.66666666666667 deg,{}
TransitionBlock,2025-12-12 07:49:45.172,2025-12-12 07:49:47.950,0.04630856504589609,,,[]
icrs,2025-12-12 07:49:47.950,2025-12-12 07:50:22.950,0.5833333333333179,58.6046511627907 deg,-58.888888888888886 deg,{}
TransitionBlock,2025-12-12 07:50:22.950,2025-12-12 07:50:55.805,0.5475854950335624,,,[]
icrs,2025-12-12 07:50:55.805,2025-12-12 07:51:30.805,0.5833333333333179,98.18181818181816 deg,-83.33333333333333 deg,{}
TransitionBlock,2025-12-12 07:51:30.805,2025-12-12 07:51:47.141,0.2722698208247465,,,[]
icrs,2025-12-12 07:51:47.141,2025-12-12 07:52:22.141,0.5833333333333179,61.13207547169811 deg,-72.22222222222221 deg,{}
TransitionBlock,2025-12-12 07:52:22.141,2025-12-12 07:52:49.920,0.4629736019847819,,,[]
icrs,2025-12-12 07:52:49.920,2025-12-12 07:53:24.920,0.5833333333333179,61.13207547169811 deg,-50.0 deg,{}
TransitionBlock,2025-12-12 07:53:24.920,2025-12-12 07:54:04.340,0.6570065215715104,,,[]
icrs,2025-12-12 07:54:04.340,2025-12-12 07:54:39.340,0.5833333333333179,77.14285714285714 deg,-81.11111111111111 deg,{}
TransitionBlock,2025-12-12 07:54:39.340,2025-12-12 07:54:58.785,0.32407688454445527,,,[]
icrs,2025-12-12 07:54:58.785,2025-12-12 07:55:33.785,0.5833333333333179,77.14285714285714 deg,-65.55555555555556 deg,{}
TransitionBlock,2025-12-12 07:55:33.785,2025-12-12 07:56:32.119,0.9722322486442891,,,[]
icrs,2025-12-12 07:56:32.119,2025-12-12 07:57:07.119,0.5833333333333179,77.14285714285714 deg,-18.888888888888893 deg,{}
TransitionBlock,2025-12-12 07:57:07.119,2025-12-12 07:58:02.598,0.9246572544183884,,,[]
icrs,2025-12-12 07:58:02.598,2025-12-12 07:58:37.598,0.5833333333333179,57.77777777777777 deg,-61.11111111111111 deg,{}
TransitionBlock,2025-12-12 07:58:37.598,2025-12-12 07:58:54.340,0.2790308095361116,,,[]
icrs,2025-12-12 07:58:54.340,2025-12-12 07:59:29.340,0.5833333333333179,61.276595744680854 deg,-74.44444444444444 deg,{}
TransitionBlock,2025-12-12 07:59:29.340,2025-12-12 07:59:41.334,0.19989979880317144,,,[]
icrs,2025-12-12 07:59:41.334,2025-12-12 08:00:16.334,0.5833333333333179,81.81818181818183 deg,-83.33333333333333 deg,{}
TransitionBlock,2025-12-12 08:00:16.334,2025-12-12 08:00:25.642,0.15513458754804255,,,[]
icrs,2025-12-12 08:00:25.642,2025-12-12 08:01:00.642,0.5833333333333179,61.46341463414635 deg,-76.66666666666667 deg,{}
TransitionBlock,2025-12-12 08:01:00.642,2025-12-12 08:01:17.413,0.2795196469096517,,,[]
icrs,2025-12-12 08:01:17.413,2025-12-12 08:01:52.413,0.5833333333333179,56.84210526315789 deg,-63.33333333333333 deg,{}
