ra_deg,dec_deg
0.0,-90.0
0.0,-85.60975609756098
36.0,-85.60975609756098
72.0,-85.60975609756098
108.0,-85.60975609756098
144.0,-85.60975609756098
180.0,-85.60975609756098
216.0,-85.60975609756098
252.0,-85.60975609756098
288.0,-85.60975609756098
324.0,-85.60975609756098
0.0,-81.21951219512195
22.5,-81.21951219512195
45.0,-81.21951219512195
67.5,-81.21951219512195
90.0,-81.21951219512195
112.5,-81.21951219512195
135.0,-81.21951219512195
157.5,-81.21951219512195
180.0,-81.21951219512195
202.5,-81.21951219512195
225.0,-81.21951219512195
247.49999999999997,-81.21951219512195
270.0,-81.21951219512195
292.5,-81.21951219512195
315.0,-81.21951219512195
337.5,-81.21951219512195
0.0,-76.82926829268293
16.363636363636363,-76.82926829268293
32.72727272727273,-76.82926829268293
49.090909090909086,-76.82926829268293
65.45454545454545,-76.82926829268293
81.81818181818183,-76.82926829268293
98.18181818181817,-76.82926829268293
114.54545454545455,-76.82926829268293
130.9090909090909,-76.82926829268293
147.27272727272725,-76.82926829268293
163.63636363636365,-76.82926829268293
180.0,-76.82926829268293
196.36363636363635,-76.82926829268293
212.72727272727272,-76.82926829268293
229.0909090909091,-76.82926829268293
245.45454545454547,-76.82926829268293
261.8181818181818,-76.82926829268293
278.1818181818182,-76.82926829268293
294.5454545454545,-76.82926829268293
310.90909090909093,-76.82926829268293
327.2727272727273,-76.82926829268293
343.6363636363636,-76.82926829268293
0.0,-72.4390243902439
12.857142857142858,-72.4390243902439
25.714285714285715,-72.4390243902439
38.57142857142857,-72.4390243902439
51.42857142857143,-72.4390243902439
64.28571428571429,-72.4390243902439
77.14285714285714,-72.4390243902439
90.0,-72.4390243902439
102.85714285714286,-72.4390243902439
115.71428571428571,-72.4390243902439
128.57142857142858,-72.4390243902439
141.42857142857142,-72.4390243902439
154.28571428571428,-72.4390243902439
167.14285714285714,-72.4390243902439
180.0,-72.4390243902439
192.85714285714286,-72.4390243902439
205.71428571428572,-72.4390243902439
218.57142857142858,-72.4390243902439
231.42857142857142,-72.4390243902439
244.28571428571428,-72.4390243902439
257.14285714285717,-72.4390243902439
270.0,-72.4390243902439
282.85714285714283,-72.4390243902439
295.7142857142857,-72.4390243902439
308.57142857142856,-72.4390243902439
321.42857142857144,-72.4390243902439
334.2857142857143,-72.4390243902439
347.14285714285717,-72.4390243902439
0.0,-68.04878048780488
10.909090909090908,-68.04878048780488
21.818181818181817,-68.04878048780488
32.72727272727273,-68.04878048780488
43.63636363636363,-68.04878048780488
54.54545454545454,-68.04878048780488
65.45454545454545,-68.04878048780488
76.36363636363636,-68.04878048780488
87.27272727272727,-68.04878048780488
98.18181818181817,-68.04878048780488
109.09090909090908,-68.04878048780488
119.99999999999999,-68.04878048780488
130.9090909090909,-68.04878048780488
141.8181818181818,-68.04878048780488
152.72727272727272,-68.04878048780488
163.63636363636363,-68.04878048780488
174.54545454545453,-68.04878048780488
185.45454545454547,-68.04878048780488
196.36363636363635,-68.04878048780488
207.27272727272728,-68.04878048780488
218.18181818181816,-68.04878048780488
229.0909090909091,-68.04878048780488
239.99999999999997,-68.04878048780488
250.9090909090909,-68.04878048780488
261.8181818181818,-68.04878048780488
272.72727272727275,-68.04878048780488
283.6363636363636,-68.04878048780488
294.5454545454545,-68.04878048780488
305.45454545454544,-68.04878048780488
316.3636363636364,-68.04878048780488
327.27272727272725,-68.04878048780488
338.1818181818182,-68.04878048780488
349.09090909090907,-68.04878048780488
0.0,-63.658536585365844
9.23076923076923,-63.658536585365844
18.46153846153846,-63.658536585365844
27.69230769230769,-63.658536585365844
36.92307692307692,-63.658536585365844
46.153846153846146,-63.658536585365844
55.38461538461538,-63.658536585365844
64.61538461538461,-63.658536585365844
73.84615384615384,-63.658536585365844
83.07692307692307,-63.658536585365844
92.30769230769229,-63.658536585365844
101.53846153846153,-63.658536585365844
110.76923076923076,-63.658536585365844
119.99999999999999,-63.658536585365844
129.23076923076923,-63.658536585365844
138.46153846153845,-63.658536585365844
147.69230769230768,-63.658536585365844
156.92307692307693,-63.658536585365844
166.15384615384613,-63.658536585365844
175.3846153846154,-63.658536585365844
184.61538461538458,-63.658536585365844
193.84615384615384,-63.658536585365844
203.07692307692307,-63.658536585365844
212.3076923076923,-63.658536585365844
221.53846153846152,-63.658536585365844
230.76923076923075,-63.658536585365844
239.99999999999997,-63.658536585365844
249.23076923076923,-63.658536585365844
258.46153846153845,-63.658536585365844
267.6923076923077,-63.658536585365844
276.9230769230769,-63.658536585365844
286.15384615384613,-63.658536585365844
295.38461538461536,-63.658536585365844
304.6153846153846,-63.658536585365844
313.84615384615387,-63.658536585365844
323.07692307692304,-63.658536585365844
332.30769230769226,-63.658536585365844
341.5384615384615,-63.658536585365844
350.7692307692308,-63.658536585365844
0.0,-59.26829268292682
8.181818181818182,-59.26829268292682
16.363636363636363,-59.26829268292682
24.545454545454543,-59.26829268292682
32.72727272727273,-59.26829268292682
40.909090909090914,-59.26829268292682
49.090909090909086,-59.26829268292682
57.27272727272727,-59.26829268292682
65.45454545454545,-59.26829268292682
73.63636363636363,-59.26829268292682
81.81818181818183,-59.26829268292682
90.0,-59.26829268292682
98.18181818181817,-59.26829268292682
106.36363636363636,-59.26829268292682
114.54545454545455,-59.26829268292682
122.72727272727273,-59.26829268292682
130.9090909090909,-59.26829268292682
139.0909090909091,-59.26829268292682
147.27272727272725,-59.26829268292682
155.45454545454547,-59.26829268292682
163.63636363636365,-59.26829268292682
171.8181818181818,-59.26829268292682
180.0,-59.26829268292682
188.1818181818182,-59.26829268292682
196.36363636363635,-59.26829268292682
204.54545454545456,-59.26829268292682
212.72727272727272,-59.26829268292682
220.9090909090909,-59.26829268292682
229.0909090909091,-59.26829268292682
237.27272727272728,-59.26829268292682
245.45454545454547,-59.26829268292682
253.63636363636365,-59.26829268292682
261.8181818181818,-59.26829268292682
270.0,-59.26829268292682
278.1818181818182,-59.26829268292682
286.3636363636364,-59.26829268292682
294.5454545454545,-59.26829268292682
302.7272727272727,-59.26829268292682
310.90909090909093,-59.26829268292682
319.0909090909091,-59.26829268292682
327.2727272727273,-59.26829268292682
335.45454545454544,-59.26829268292682
343.6363636363636,-59.26829268292682
351.8181818181818,-59.26829268292682
0.0,-54.8780487804878
7.346938775510203,-54.8780487804878
14.693877551020407,-54.8780487804878
22.04081632653061,-54.8780487804878
29.387755102040813,-54.8780487804878
36.73469387755102,-54.8780487804878
44.08163265306122,-54.8780487804878
51.42857142857143,-54.8780487804878
58.77551020408163,-54.8780487804878
66.12244897959182,-54.8780487804878
73.46938775510203,-54.8780487804878
80.81632653061224,-54.8780487804878
88.16326530612244,-54.8780487804878
95.51020408163264,-54.8780487804878
102.85714285714286,-54.8780487804878
110.20408163265306,-54.8780487804878
117.55102040816325,-54.8780487804878
124.89795918367346,-54.8780487804878
132.24489795918365,-54.8780487804878
139.59183673469386,-54.8780487804878
146.93877551020407,-54.8780487804878
154.28571428571428,-54.8780487804878
161.6326530612245,-54.8780487804878
168.9795918367347,-54.8780487804878
176.32653061224488,-54.8780487804878
183.6734693877551,-54.8780487804878
191.02040816326527,-54.8780487804878
198.36734693877548,-54.8780487804878
205.71428571428572,-54.8780487804878
213.0612244897959,-54.8780487804878
220.40816326530611,-54.8780487804878
227.75510204081633,-54.8780487804878
235.1020408163265,-54.8780487804878
242.44897959183675,-54.8780487804878
249.79591836734693,-54.8780487804878
257.14285714285717,-54.8780487804878
264.4897959183673,-54.8780487804878
271.83673469387753,-54.8780487804878
279.1836734693877,-54.8780487804878
286.53061224489795,-54.8780487804878
293.87755102040813,-54.8780487804878
301.2244897959183,-54.8780487804878
308.57142857142856,-54.8780487804878
315.91836734693874,-54.8780487804878
323.265306122449,-54.8780487804878
330.61224489795916,-54.8780487804878
337.9591836734694,-54.8780487804878
345.3061224489795,-54.8780487804878
352.65306122448976,-54.8780487804878
0.0,-50.48780487804878
6.666666666666667,-50.48780487804878
13.333333333333334,-50.48780487804878
20.0,-50.48780487804878
26.666666666666668,-50.48780487804878
33.33333333333333,-50.48780487804878
40.0,-50.48780487804878
46.666666666666664,-50.48780487804878
53.333333333333336,-50.48780487804878
59.99999999999999,-50.48780487804878
66.66666666666666,-50.48780487804878
73.33333333333333,-50.48780487804878
80.0,-50.48780487804878
86.66666666666667,-50.48780487804878
93.33333333333333,-50.48780487804878
100.0,-50.48780487804878
106.66666666666667,-50.48780487804878
113.33333333333334,-50.48780487804878
119.99999999999999,-50.48780487804878
126.66666666666666,-50.48780487804878
133.33333333333331,-50.48780487804878
140.0,-50.48780487804878
146.66666666666666,-50.48780487804878
153.33333333333334,-50.48780487804878
160.0,-50.48780487804878
166.66666666666666,-50.48780487804878
173.33333333333334,-50.48780487804878
180.0,-50.48780487804878
186.66666666666666,-50.48780487804878
193.33333333333334,-50.48780487804878
200.0,-50.48780487804878
206.66666666666666,-50.48780487804878
213.33333333333334,-50.48780487804878
220.0,-50.48780487804878
226.66666666666669,-50.48780487804878
233.33333333333334,-50.48780487804878
239.99999999999997,-50.48780487804878
246.66666666666669,-50.48780487804878
253.33333333333331,-50.48780487804878
260.0,-50.48780487804878
266.66666666666663,-50.48780487804878
273.33333333333337,-50.48780487804878
280.0,-50.48780487804878
286.6666666666667,-50.48780487804878
293.3333333333333,-50.48780487804878
300.0,-50.48780487804878
306.6666666666667,-50.48780487804878
313.33333333333337,-50.48780487804878
320.0,-50.48780487804878
326.6666666666667,-50.48780487804878
333.3333333333333,-50.48780487804878
340.0,-50.48780487804878
346.6666666666667,-50.48780487804878
353.33333333333337,-50.48780487804878
0.0,-46.09756097560975
6.101694915254237,-46.09756097560975
12.203389830508474,-46.09756097560975
18.30508474576271,-46.09756097560975
24.406779661016948,-46.09756097560975
30.508474576271187,-46.09756097560975
36.61016949152542,-46.09756097560975
42.71186440677966,-46.09756097560975
48.813559322033896,-46.09756097560975
54.91525423728813,-46.09756097560975
61.016949152542374,-46.09756097560975
67.11864406779661,-46.09756097560975
73.22033898305084,-46.09756097560975
79.32203389830508,-46.09756097560975
85.42372881355932,-46.09756097560975
91.52542372881356,-46.09756097560975
97.62711864406779,-46.09756097560975
103.72881355932203,-46.09756097560975
109.83050847457626,-46.09756097560975
115.9322033898305,-46.09756097560975
122.03389830508475,-46.09756097560975
128.135593220339,-46.09756097560975
134.23728813559322,-46.09756097560975
140.33898305084745,-46.09756097560975
146.44067796610167,-46.09756097560975
152.54237288135593,-46.09756097560975
158.64406779661016,-46.09756097560975
164.74576271186442,-46.09756097560975
170.84745762711864,-46.09756097560975
176.94915254237287,-46.09756097560975
183.05084745762713,-46.09756097560975
189.15254237288136,-46.09756097560975
195.25423728813558,-46.09756097560975
201.3559322033898,-46.09756097560975
207.45762711864407,-46.09756097560975
213.5593220338983,-46.09756097560975
219.66101694915253,-46.09756097560975
225.76271186440675,-46.09756097560975
231.864406779661,-46.09756097560975
237.96610169491527,-46.09756097560975
244.0677966101695,-46.09756097560975
250.16949152542372,-46.09756097560975
256.271186440678,-46.09756097560975
262.3728813559322,-46.09756097560975
268.47457627118644,-46.09756097560975
274.57627118644064,-46.09756097560975
280.6779661016949,-46.09756097560975
286.77966101694915,-46.09756097560975
292.88135593220335,-46.09756097560975
298.9830508474576,-46.09756097560975
305.08474576271186,-46.09756097560975
311.18644067796606,-46.09756097560975
317.2881355932203,-46.09756097560975
323.3898305084745,-46.09756097560975
329.49152542372883,-46.09756097560975
335.5932203389831,-46.09756097560975
341.6949152542373,-46.09756097560975
347.79661016949154,-46.09756097560975
353.89830508474574,-46.09756097560975
0.0,-41.70731707317072
5.714285714285714,-41.70731707317072
11.428571428571429,-41.70731707317072
17.142857142857142,-41.70731707317072
22.857142857142858,-41.70731707317072
28.571428571428573,-41.70731707317072
34.285714285714285,-41.70731707317072
40.00000000000001,-41.70731707317072
45.714285714285715,-41.70731707317072
51.42857142857143,-41.70731707317072
57.142857142857146,-41.70731707317072
62.85714285714286,-41.70731707317072
68.57142857142857,-41.70731707317072
74.28571428571429,-41.70731707317072
80.00000000000001,-41.70731707317072
85.71428571428572,-41.70731707317072
91.42857142857143,-41.70731707317072
97.14285714285714,-41.70731707317072
102.85714285714286,-41.70731707317072
108.57142857142858,-41.70731707317072
114.28571428571429,-41.70731707317072
120.00000000000001,-41.70731707317072
125.71428571428572,-41.70731707317072
131.42857142857144,-41.70731707317072
137.14285714285714,-41.70731707317072
142.85714285714286,-41.70731707317072
148.57142857142858,-41.70731707317072
154.28571428571428,-41.70731707317072
160.00000000000003,-41.70731707317072
165.71428571428572,-41.70731707317072
171.42857142857144,-41.70731707317072
177.14285714285717,-41.70731707317072
182.85714285714286,-41.70731707317072
188.57142857142858,-41.70731707317072
194.28571428571428,-41.70731707317072
200.0,-41.70731707317072
205.71428571428572,-41.70731707317072
211.42857142857144,-41.70731707317072
217.14285714285717,-41.70731707317072
222.85714285714286,-41.70731707317072
228.57142857142858,-41.70731707317072
234.2857142857143,-41.70731707317072
240.00000000000003,-41.70731707317072
245.71428571428572,-41.70731707317072
251.42857142857144,-41.70731707317072
257.14285714285717,-41.70731707317072
262.8571428571429,-41.70731707317072
268.57142857142856,-41.70731707317072
274.2857142857143,-41.70731707317072
280.00000000000006,-41.70731707317072
285.7142857142857,-41.70731707317072
291.42857142857144,-41.70731707317072
297.14285714285717,-41.70731707317072
302.8571428571429,-41.70731707317072
308.57142857142856,-41.70731707317072
314.28571428571433,-41.70731707317072
320.00000000000006,-41.70731707317072
325.7142857142857,-41.70731707317072
331.42857142857144,-41.70731707317072
337.14285714285717,-41.70731707317072
342.8571428571429,-41.70731707317072
348.57142857142856,-41.70731707317072
354.28571428571433,-41.70731707317072
0.0,-37.3170731707317
5.454545454545454,-37.3170731707317
10.909090909090908,-37.3170731707317
16.363636363636363,-37.3170731707317
21.818181818181817,-37.3170731707317
27.27272727272727,-37.3170731707317
32.72727272727273,-37.3170731707317
38.18181818181818,-37.3170731707317
43.63636363636363,-37.3170731707317
49.090909090909086,-37.3170731707317
54.54545454545454,-37.3170731707317
59.99999999999999,-37.3170731707317
65.45454545454545,-37.3170731707317
70.9090909090909,-37.3170731707317
76.36363636363636,-37.3170731707317
81.81818181818181,-37.3170731707317
87.27272727272727,-37.3170731707317
92.72727272727273,-37.3170731707317
98.18181818181817,-37.3170731707317
103.63636363636364,-37.3170731707317
109.09090909090908,-37.3170731707317
114.54545454545455,-37.3170731707317
119.99999999999999,-37.3170731707317
125.45454545454545,-37.3170731707317
130.9090909090909,-37.3170731707317
136.36363636363637,-37.3170731707317
141.8181818181818,-37.3170731707317
147.27272727272725,-37.3170731707317
152.72727272727272,-37.3170731707317
158.1818181818182,-37.3170731707317
163.63636363636363,-37.3170731707317
169.0909090909091,-37.3170731707317
174.54545454545453,-37.3170731707317
180.0,-37.3170731707317
185.45454545454547,-37.3170731707317
190.9090909090909,-37.3170731707317
196.36363636363635,-37.3170731707317
201.8181818181818,-37.3170731707317
207.27272727272728,-37.3170731707317
212.72727272727272,-37.3170731707317
218.18181818181816,-37.3170731707317
223.63636363636363,-37.3170731707317
229.0909090909091,-37.3170731707317
234.54545454545456,-37.3170731707317
239.99999999999997,-37.3170731707317
245.45454545454547,-37.3170731707317
250.9090909090909,-37.3170731707317
256.3636363636363,-37.3170731707317
261.8181818181818,-37.3170731707317
267.27272727272725,-37.3170731707317
272.72727272727275,-37.3170731707317
278.1818181818182,-37.3170731707317
283.6363636363636,-37.3170731707317
289.0909090909091,-37.3170731707317
294.5454545454545,-37.3170731707317
299.99999999999994,-37.3170731707317
305.45454545454544,-37.3170731707317
310.9090909090909,-37.3170731707317
316.3636363636364,-37.3170731707317
321.8181818181818,-37.3170731707317
327.27272727272725,-37.3170731707317
332.72727272727275,-37.3170731707317
338.1818181818182,-37.3170731707317
343.6363636363636,-37.3170731707317
349.09090909090907,-37.3170731707317
354.5454545454545,-37.3170731707317
0.0,-32.92682926829268
5.142857142857143,-32.92682926829268
10.285714285714286,-32.92682926829268
15.428571428571429,-32.92682926829268
20.571428571428573,-32.92682926829268
25.714285714285715,-32.92682926829268
30.857142857142858,-32.92682926829268
36.0,-32.92682926829268
41.142857142857146,-32.92682926829268
46.285714285714285,-32.92682926829268
51.42857142857143,-32.92682926829268
56.57142857142857,-32.92682926829268
61.714285714285715,-32.92682926829268
66.85714285714286,-32.92682926829268
72.0,-32.92682926829268
77.14285714285714,-32.92682926829268
82.28571428571429,-32.92682926829268
87.42857142857143,-32.92682926829268
92.57142857142857,-32.92682926829268
97.71428571428571,-32.92682926829268
102.85714285714286,-32.92682926829268
108.0,-32.92682926829268
113.14285714285714,-32.92682926829268
118.28571428571429,-32.92682926829268
123.42857142857143,-32.92682926829268
128.57142857142858,-32.92682926829268
133.71428571428572,-32.92682926829268
138.85714285714286,-32.92682926829268
144.0,-32.92682926829268
149.14285714285714,-32.92682926829268
154.28571428571428,-32.92682926829268
159.42857142857142,-32.92682926829268
164.57142857142858,-32.92682926829268
169.71428571428572,-32.92682926829268
174.85714285714286,-32.92682926829268
180.0,-32.92682926829268
185.14285714285714,-32.92682926829268
190.28571428571428,-32.92682926829268
195.42857142857142,-32.92682926829268
200.57142857142858,-32.92682926829268
205.71428571428572,-32.92682926829268
210.85714285714286,-32.92682926829268
216.0,-32.92682926829268
221.14285714285714,-32.92682926829268
226.28571428571428,-32.92682926829268
231.42857142857142,-32.92682926829268
236.57142857142858,-32.92682926829268
241.71428571428572,-32.92682926829268
246.85714285714286,-32.92682926829268
252.0,-32.92682926829268
257.14285714285717,-32.92682926829268
262.2857142857143,-32.92682926829268
267.42857142857144,-32.92682926829268
272.57142857142856,-32.92682926829268
277.7142857142857,-32.92682926829268
282.85714285714283,-32.92682926829268
288.0,-32.92682926829268
293.14285714285717,-32.92682926829268
298.2857142857143,-32.92682926829268
303.42857142857144,-32.92682926829268
308.57142857142856,-32.92682926829268
313.7142857142857,-32.92682926829268
318.85714285714283,-32.92682926829268
324.0,-32.92682926829268
329.14285714285717,-32.92682926829268
334.2857142857143,-32.92682926829268
339.42857142857144,-32.92682926829268
344.57142857142856,-32.92682926829268
349.7142857142857,-32.92682926829268
354.85714285714283,-32.92682926829268
0.0,-28.536585365853647
4.931506849315069,-28.536585365853647
9.863013698630137,-28.536585365853647
14.794520547945206,-28.536585365853647
19.726027397260275,-28.536585365853647
24.65753424657534,-28.536585365853647
29.589041095890412,-28.536585365853647
34.52054794520548,-28.536585365853647
39.45205479452055,-28.536585365853647
44.38356164383562,-28.536585365853647
49.31506849315068,-28.536585365853647
54.24657534246575,-28.536585365853647
59.178082191780824,-28.536585365853647
64.10958904109589,-28.536585365853647
69.04109589041096,-28.536585365853647
73.97260273972603,-28.536585365853647
78.9041095890411,-28.536585365853647
83.83561643835617,-28.536585365853647
88.76712328767124,-28.536585365853647
93.6986301369863,-28.536585365853647
98.63013698630137,-28.536585365853647
103.56164383561644,-28.536585365853647
108.4931506849315,-28.536585365853647
113.42465753424658,-28.536585365853647
118.35616438356165,-28.536585365853647
123.28767123287672,-28.536585365853647
128.21917808219177,-28.536585365853647
133.15068493150685,-28.536585365853647
138.08219178082192,-28.536585365853647
143.013698630137,-28.536585365853647
147.94520547945206,-28.536585365853647
152.87671232876713,-28.536585365853647
157.8082191780822,-28.536585365853647
162.73972602739727,-28.536585365853647
167.67123287671234,-28.536585365853647
172.6027397260274,-28.536585365853647
177.53424657534248,-28.536585365853647
182.46575342465752,-28.536585365853647
187.3972602739726,-28.536585365853647
192.32876712328766,-28.536585365853647
197.26027397260273,-28.536585365853647
202.1917808219178,-28.536585365853647
207.12328767123287,-28.536585365853647
212.05479452054794,-28.536585365853647
216.986301369863,-28.536585365853647
221.91780821917808,-28.536585365853647
226.84931506849315,-28.536585365853647
231.78082191780823,-28.536585365853647
236.7123287671233,-28.536585365853647
241.64383561643837,-28.536585365853647
246.57534246575344,-28.536585365853647
251.5068493150685,-28.536585365853647
256.43835616438355,-28.536585365853647
261.36986301369865,-28.536585365853647
266.3013698630137,-28.536585365853647
271.2328767123288,-28.536585365853647
276.16438356164383,-28.536585365853647
281.09589041095893,-28.536585365853647
286.027397260274,-28.536585365853647
290.95890410958907,-28.536585365853647
295.8904109589041,-28.536585365853647
300.8219178082192,-28.536585365853647
305.75342465753425,-28.536585365853647
310.6849315068493,-28.536585365853647
315.6164383561644,-28.536585365853647
320.54794520547944,-28.536585365853647
325.47945205479454,-28.536585365853647
330.4109589041096,-28.536585365853647
335.3424657534247,-28.536585365853647
340.2739726027397,-28.536585365853647
345.2054794520548,-28.536585365853647
350.13698630136986,-28.536585365853647
355.06849315068496,-28.536585365853647
0.0,-24.146341463414625
4.8,-24.146341463414625
9.6,-24.146341463414625
14.399999999999999,-24.146341463414625
19.2,-24.146341463414625
24.0,-24.146341463414625
28.799999999999997,-24.146341463414625
33.599999999999994,-24.146341463414625
38.4,-24.146341463414625
43.199999999999996,-24.146341463414625
48.0,-24.146341463414625
52.8,-24.146341463414625
57.599999999999994,-24.146341463414625
62.4,-24.146341463414625
67.19999999999999,-24.146341463414625
72.0,-24.146341463414625
76.8,-24.146341463414625
81.6,-24.146341463414625
86.39999999999999,-24.146341463414625
91.19999999999999,-24.146341463414625
96.0,-24.146341463414625
100.79999999999998,-24.146341463414625
105.6,-24.146341463414625
110.39999999999999,-24.146341463414625
115.19999999999999,-24.146341463414625
119.99999999999999,-24.146341463414625
124.8,-24.146341463414625
129.59999999999997,-24.146341463414625
134.39999999999998,-24.146341463414625
139.2,-24.146341463414625
144.0,-24.146341463414625
148.79999999999998,-24.146341463414625
153.6,-24.146341463414625
158.4,-24.146341463414625
163.2,-24.146341463414625
167.99999999999997,-24.146341463414625
172.79999999999998,-24.146341463414625
177.6,-24.146341463414625
182.39999999999998,-24.146341463414625
187.2,-24.146341463414625
192.0,-24.146341463414625
196.79999999999998,-24.146341463414625
201.59999999999997,-24.146341463414625
206.39999999999998,-24.146341463414625
211.2,-24.146341463414625
215.99999999999997,-24.146341463414625
220.79999999999998,-24.146341463414625
225.6,-24.146341463414625
230.39999999999998,-24.146341463414625
235.2,-24.146341463414625
239.99999999999997,-24.146341463414625
244.79999999999998,-24.146341463414625
249.6,-24.146341463414625
254.4,-24.146341463414625
259.19999999999993,-24.146341463414625
263.99999999999994,-24.146341463414625
268.79999999999995,-24.146341463414625
273.59999999999997,-24.146341463414625
278.4,-24.146341463414625
283.2,-24.146341463414625
288.0,-24.146341463414625
292.79999999999995,-24.146341463414625
297.59999999999997,-24.146341463414625
302.4,-24.146341463414625
307.2,-24.146341463414625
312.0,-24.146341463414625
316.8,-24.146341463414625
321.6,-24.146341463414625
326.4,-24.146341463414625
331.19999999999993,-24.146341463414625
335.99999999999994,-24.146341463414625
340.79999999999995,-24.146341463414625
345.59999999999997,-24.146341463414625
350.4,-24.146341463414625
355.2,-24.146341463414625
0.0,-19.756097560975604
4.675324675324675,-19.756097560975604
9.35064935064935,-19.756097560975604
14.025974025974026,-19.756097560975604
18.7012987012987,-19.756097560975604
23.376623376623375,-19.756097560975604
28.051948051948052,-19.756097560975604
32.72727272727273,-19.756097560975604
37.4025974025974,-19.756097560975604
42.077922077922075,-19.756097560975604
46.75324675324675,-19.756097560975604
51.42857142857143,-19.756097560975604
56.103896103896105,-19.756097560975604
60.77922077922078,-19.756097560975604
65.45454545454545,-19.756097560975604
70.12987012987013,-19.756097560975604
74.8051948051948,-19.756097560975604
79.48051948051948,-19.756097560975604
84.15584415584415,-19.756097560975604
88.83116883116882,-19.756097560975604
93.5064935064935,-19.756097560975604
98.18181818181817,-19.756097560975604
102.85714285714286,-19.756097560975604
107.53246753246752,-19.756097560975604
112.20779220779221,-19.756097560975604
116.88311688311687,-19.756097560975604
121.55844155844156,-19.756097560975604
126.23376623376623,-19.756097560975604
130.9090909090909,-19.756097560975604
135.58441558441558,-19.756097560975604
140.25974025974025,-19.756097560975604
144.93506493506493,-19.756097560975604
149.6103896103896,-19.756097560975604
154.28571428571428,-19.756097560975604
158.96103896103895,-19.756097560975604
163.63636363636363,-19.756097560975604
168.3116883116883,-19.756097560975604
172.98701298701297,-19.756097560975604
177.66233766233765,-19.756097560975604
182.33766233766235,-19.756097560975604
187.012987012987,-19.756097560975604
191.68831168831167,-19.756097560975604
196.36363636363635,-19.756097560975604
201.03896103896102,-19.756097560975604
205.71428571428572,-19.756097560975604
210.3896103896104,-19.756097560975604
215.06493506493504,-19.756097560975604
219.74025974025972,-19.756097560975604
224.41558441558442,-19.756097560975604
229.0909090909091,-19.756097560975604
233.76623376623374,-19.756097560975604
238.4415584415584,-19.756097560975604
243.11688311688312,-19.756097560975604
247.7922077922078,-19.756097560975604
252.46753246753246,-19.756097560975604
257.14285714285717,-19.756097560975604
261.8181818181818,-19.756097560975604
266.4935064935065,-19.756097560975604
271.16883116883116,-19.756097560975604
275.8441558441558,-19.756097560975604
280.5194805194805,-19.756097560975604
285.19480519480516,-19.756097560975604
289.87012987012986,-19.756097560975604
294.5454545454545,-19.756097560975604
299.2207792207792,-19.756097560975604
303.8961038961039,-19.756097560975604
308.57142857142856,-19.756097560975604
313.24675324675326,-19.756097560975604
317.9220779220779,-19.756097560975604
322.5974025974026,-19.756097560975604
327.27272727272725,-19.756097560975604
331.9480519480519,-19.756097560975604
336.6233766233766,-19.756097560975604
341.2987012987013,-19.756097560975604
345.97402597402595,-19.756097560975604
350.64935064935065,-19.756097560975604
355.3246753246753,-19.756097560975604
0.0,-15.365853658536581
4.556962025316456,-15.365853658536581
9.113924050632912,-15.365853658536581
13.670886075949369,-15.365853658536581
18.227848101265824,-15.365853658536581
22.78481012658228,-15.365853658536581
27.341772151898738,-15.365853658536581
31.89873417721519,-15.365853658536581
36.45569620253165,-15.365853658536581
41.01265822784811,-15.365853658536581
45.56962025316456,-15.365853658536581
50.12658227848102,-15.365853658536581
54.683544303797476,-15.365853658536581
59.240506329113934,-15.365853658536581
63.79746835443038,-15.365853658536581
68.35443037974684,-15.365853658536581
72.9113924050633,-15.365853658536581
77.46835443037976,-15.365853658536581
82.02531645569621,-15.365853658536581
86.58227848101266,-15.365853658536581
91.13924050632912,-15.365853658536581
95.69620253164558,-15.365853658536581
100.25316455696203,-15.365853658536581
104.8101265822785,-15.365853658536581
109.36708860759495,-15.365853658536581
113.9240506329114,-15.365853658536581
118.48101265822787,-15.365853658536581
123.03797468354432,-15.365853658536581
127.59493670886076,-15.365853658536581
132.15189873417722,-15.365853658536581
136.7088607594937,-15.365853658536581
141.26582278481015,-15.365853658536581
145.8227848101266,-15.365853658536581
150.37974683544303,-15.365853658536581
154.93670886075952,-15.365853658536581
159.49367088607596,-15.365853658536581
164.05063291139243,-15.365853658536581
168.60759493670886,-15.365853658536581
173.16455696202533,-15.365853658536581
177.7215189873418,-15.365853658536581
182.27848101265823,-15.365853658536581
186.8354430379747,-15.365853658536581
191.39240506329116,-15.365853658536581
195.9493670886076,-15.365853658536581
200.50632911392407,-15.365853658536581
205.0632911392405,-15.365853658536581
209.620253164557,-15.365853658536581
214.17721518987344,-15.365853658536581
218.7341772151899,-15.365853658536581
223.29113924050634,-15.365853658536581
227.8481012658228,-15.365853658536581
232.40506329113927,-15.365853658536581
236.96202531645574,-15.365853658536581
241.51898734177215,-15.365853658536581
246.07594936708864,-15.365853658536581
250.6329113924051,-15.365853658536581
255.18987341772151,-15.365853658536581
259.746835443038,-15.365853658536581
264.30379746835445,-15.365853658536581
268.86075949367086,-15.365853658536581
273.4177215189874,-15.365853658536581
277.97468354430384,-15.365853658536581
282.5316455696203,-15.365853658536581
287.0886075949367,-15.365853658536581
291.6455696202532,-15.365853658536581
296.20253164556965,-15.365853658536581
300.75949367088606,-15.365853658536581
305.3164556962025,-15.365853658536581
309.87341772151905,-15.365853658536581
314.4303797468355,-15.365853658536581
318.9873417721519,-15.365853658536581
323.5443037974684,-15.365853658536581
328.10126582278485,-15.365853658536581
332.65822784810126,-15.365853658536581
337.2151898734177,-15.365853658536581
341.7721518987342,-15.365853658536581
346.32911392405066,-15.365853658536581
350.8860759493671,-15.365853658536581
355.4430379746836,-15.365853658536581
0.0,-10.97560975609756
4.5,-10.97560975609756
9.0,-10.97560975609756
13.5,-10.97560975609756
18.0,-10.97560975609756
22.5,-10.97560975609756
27.0,-10.97560975609756
31.5,-10.97560975609756
36.0,-10.97560975609756
40.5,-10.97560975609756
45.0,-10.97560975609756
49.5,-10.97560975609756
54.0,-10.97560975609756
58.5,-10.97560975609756
63.0,-10.97560975609756
67.5,-10.97560975609756
72.0,-10.97560975609756
76.5,-10.97560975609756
81.0,-10.97560975609756
85.5,-10.97560975609756
90.0,-10.97560975609756
94.5,-10.97560975609756
99.0,-10.97560975609756
103.5,-10.97560975609756
108.0,-10.97560975609756
112.5,-10.97560975609756
117.0,-10.97560975609756
121.5,-10.97560975609756
126.0,-10.97560975609756
130.5,-10.97560975609756
135.0,-10.97560975609756
139.5,-10.97560975609756
144.0,-10.97560975609756
148.5,-10.97560975609756
153.0,-10.97560975609756
157.5,-10.97560975609756
162.0,-10.97560975609756
166.5,-10.97560975609756
171.0,-10.97560975609756
175.5,-10.97560975609756
180.0,-10.97560975609756
184.5,-10.97560975609756
189.0,-10.97560975609756
193.5,-10.97560975609756
198.0,-10.97560975609756
202.5,-10.97560975609756
207.0,-10.97560975609756
211.5,-10.97560975609756
216.0,-10.97560975609756
220.5,-10.97560975609756
225.0,-10.97560975609756
229.49999999999997,-10.97560975609756
234.0,-10.97560975609756
238.50000000000003,-10.97560975609756
243.0,-10.97560975609756
247.49999999999997,-10.97560975609756
252.0,-10.97560975609756
256.5,-10.97560975609756
261.0,-10.97560975609756
265.5,-10.97560975609756
270.0,-10.97560975609756
274.5,-10.97560975609756
279.0,-10.97560975609756
283.5,-10.97560975609756
288.0,-10.97560975609756
292.5,-10.97560975609756
297.0,-10.97560975609756
301.5,-10.97560975609756
306.0,-10.97560975609756
310.5,-10.97560975609756
315.0,-10.97560975609756
319.5,-10.97560975609756
324.0,-10.97560975609756
328.5,-10.97560975609756
333.0,-10.97560975609756
337.5,-10.97560975609756
342.0,-10.97560975609756
346.5,-10.97560975609756
351.0,-10.97560975609756
355.5,-10.97560975609756
0.0,-6.5853658536585264
4.444444444444445,-6.5853658536585264
8.88888888888889,-6.5853658536585264
13.333333333333332,-6.5853658536585264
17.77777777777778,-6.5853658536585264
22.22222222222222,-6.5853658536585264
26.666666666666664,-6.5853658536585264
31.11111111111111,-6.5853658536585264
35.55555555555556,-6.5853658536585264
40.0,-6.5853658536585264
44.44444444444444,-6.5853658536585264
48.888888888888886,-6.5853658536585264
53.33333333333333,-6.5853658536585264
57.77777777777777,-6.5853658536585264
62.22222222222222,-6.5853658536585264
66.66666666666666,-6.5853658536585264
71.11111111111111,-6.5853658536585264
75.55555555555556,-6.5853658536585264
80.0,-6.5853658536585264
84.44444444444444,-6.5853658536585264
88.88888888888889,-6.5853658536585264
93.33333333333333,-6.5853658536585264
97.77777777777777,-6.5853658536585264
102.22222222222223,-6.5853658536585264
106.66666666666666,-6.5853658536585264
111.1111111111111,-6.5853658536585264
115.55555555555554,-6.5853658536585264
119.99999999999999,-6.5853658536585264
124.44444444444444,-6.5853658536585264
128.88888888888889,-6.5853658536585264
133.33333333333331,-6.5853658536585264
137.77777777777777,-6.5853658536585264
142.22222222222223,-6.5853658536585264
146.66666666666666,-6.5853658536585264
151.11111111111111,-6.5853658536585264
155.55555555555554,-6.5853658536585264
160.0,-6.5853658536585264
164.44444444444443,-6.5853658536585264
168.88888888888889,-6.5853658536585264
173.33333333333334,-6.5853658536585264
177.77777777777777,-6.5853658536585264
182.22222222222223,-6.5853658536585264
186.66666666666666,-6.5853658536585264
191.11111111111111,-6.5853658536585264
195.55555555555554,-6.5853658536585264
200.0,-6.5853658536585264
204.44444444444446,-6.5853658536585264
208.88888888888889,-6.5853658536585264
213.33333333333331,-6.5853658536585264
217.77777777777774,-6.5853658536585264
222.2222222222222,-6.5853658536585264
226.66666666666666,-6.5853658536585264
231.1111111111111,-6.5853658536585264
235.55555555555554,-6.5853658536585264
239.99999999999997,-6.5853658536585264
244.44444444444443,-6.5853658536585264
248.88888888888889,-6.5853658536585264
253.33333333333331,-6.5853658536585264
257.77777777777777,-6.5853658536585264
262.22222222222223,-6.5853658536585264
266.66666666666663,-6.5853658536585264
271.1111111111111,-6.5853658536585264
275.55555555555554,-6.5853658536585264
280.0,-6.5853658536585264
284.44444444444446,-6.5853658536585264
288.88888888888886,-6.5853658536585264
293.3333333333333,-6.5853658536585264
297.77777777777777,-6.5853658536585264
302.22222222222223,-6.5853658536585264
306.6666666666667,-6.5853658536585264
311.1111111111111,-6.5853658536585264
315.55555555555554,-6.5853658536585264
320.0,-6.5853658536585264
324.44444444444446,-6.5853658536585264
328.88888888888886,-6.5853658536585264
333.3333333333333,-6.5853658536585264
337.77777777777777,-6.5853658536585264
342.22222222222223,-6.5853658536585264
346.6666666666667,-6.5853658536585264
351.1111111111111,-6.5853658536585264
355.55555555555554,-6.5853658536585264
0.0,-2.1951219512195044
4.444444444444445,-2.1951219512195044
8.88888888888889,-2.1951219512195044
13.333333333333332,-2.1951219512195044
17.77777777777778,-2.1951219512195044
22.22222222222222,-2.1951219512195044
26.666666666666664,-2.1951219512195044
31.11111111111111,-2.1951219512195044
35.55555555555556,-2.1951219512195044
40.0,-2.1951219512195044
44.44444444444444,-2.1951219512195044
48.888888888888886,-2.1951219512195044
53.33333333333333,-2.1951219512195044
57.77777777777777,-2.1951219512195044
62.22222222222222,-2.1951219512195044
66.66666666666666,-2.1951219512195044
71.11111111111111,-2.1951219512195044
75.55555555555556,-2.1951219512195044
80.0,-2.1951219512195044
84.44444444444444,-2.1951219512195044
88.88888888888889,-2.1951219512195044
93.33333333333333,-2.1951219512195044
97.77777777777777,-2.1951219512195044
102.22222222222223,-2.1951219512195044
106.66666666666666,-2.1951219512195044
111.1111111111111,-2.1951219512195044
115.55555555555554,-2.1951219512195044
119.99999999999999,-2.1951219512195044
124.44444444444444,-2.1951219512195044
128.88888888888889,-2.1951219512195044
133.33333333333331,-2.1951219512195044
137.77777777777777,-2.1951219512195044
142.22222222222223,-2.1951219512195044
146.66666666666666,-2.1951219512195044
151.11111111111111,-2.1951219512195044
155.55555555555554,-2.1951219512195044
160.0,-2.1951219512195044
164.44444444444443,-2.1951219512195044
168.88888888888889,-2.1951219512195044
173.33333333333334,-2.1951219512195044
177.77777777777777,-2.1951219512195044
182.22222222222223,-2.1951219512195044
186.66666666666666,-2.1951219512195044
191.11111111111111,-2.1951219512195044
195.55555555555554,-2.1951219512195044
200.0,-2.1951219512195044
204.44444444444446,-2.1951219512195044
208.88888888888889,-2.1951219512195044
213.33333333333331,-2.1951219512195044
217.77777777777774,-2.1951219512195044
222.2222222222222,-2.1951219512195044
226.66666666666666,-2.1951219512195044
231.1111111111111,-2.1951219512195044
235.55555555555554,-2.1951219512195044
239.99999999999997,-2.1951219512195044
244.44444444444443,-2.1951219512195044
248.88888888888889,-2.1951219512195044
253.33333333333331,-2.1951219512195044
257.77777777777777,-2.1951219512195044
262.22222222222223,-2.1951219512195044
266.66666666666663,-2.1951219512195044
271.1111111111111,-2.1951219512195044
275.55555555555554,-2.1951219512195044
280.0,-2.1951219512195044
284.44444444444446,-2.1951219512195044
288.88888888888886,-2.1951219512195044
293.3333333333333,-2.1951219512195044
297.77777777777777,-2.1951219512195044
302.22222222222223,-2.1951219512195044
306.6666666666667,-2.1951219512195044
311.1111111111111,-2.1951219512195044
315.55555555555554,-2.1951219512195044
320.0,-2.1951219512195044
324.44444444444446,-2.1951219512195044
328.88888888888886,-2.1951219512195044
333.3333333333333,-2.1951219512195044
337.77777777777777,-2.1951219512195044
342.22222222222223,-2.1951219512195044
346.6666666666667,-2.1951219512195044
351.1111111111111,-2.1951219512195044
355.55555555555554,-2.1951219512195044
0.0,2.1951219512195173
4.444444444444445,2.1951219512195173
8.88888888888889,2.1951219512195173
13.333333333333332,2.1951219512195173
17.77777777777778,2.1951219512195173
22.22222222222222,2.1951219512195173
26.666666666666664,2.1951219512195173
31.11111111111111,2.1951219512195173
35.55555555555556,2.1951219512195173
40.0,2.1951219512195173
44.44444444444444,2.1951219512195173
48.888888888888886,2.1951219512195173
53.33333333333333,2.1951219512195173
57.77777777777777,2.1951219512195173
62.22222222222222,2.1951219512195173
66.66666666666666,2.1951219512195173
71.11111111111111,2.1951219512195173
75.55555555555556,2.1951219512195173
80.0,2.1951219512195173
84.44444444444444,2.1951219512195173
88.88888888888889,2.1951219512195173
93.33333333333333,2.1951219512195173
97.77777777777777,2.1951219512195173
102.22222222222223,2.1951219512195173
106.66666666666666,2.1951219512195173
111.1111111111111,2.1951219512195173
115.55555555555554,2.1951219512195173
119.99999999999999,2.1951219512195173
124.44444444444444,2.1951219512195173
128.88888888888889,2.1951219512195173
133.33333333333331,2.1951219512195173
137.77777777777777,2.1951219512195173
142.22222222222223,2.1951219512195173
146.66666666666666,2.1951219512195173
151.11111111111111,2.1951219512195173
155.55555555555554,2.1951219512195173
160.0,2.1951219512195173
164.44444444444443,2.1951219512195173
168.88888888888889,2.1951219512195173
173.33333333333334,2.1951219512195173
177.77777777777777,2.1951219512195173
182.22222222222223,2.1951219512195173
186.66666666666666,2.1951219512195173
191.11111111111111,2.1951219512195173
195.55555555555554,2.1951219512195173
200.0,2.1951219512195173
204.44444444444446,2.1951219512195173
208.88888888888889,2.1951219512195173
213.33333333333331,2.1951219512195173
217.77777777777774,2.1951219512195173
222.2222222222222,2.1951219512195173
226.66666666666666,2.1951219512195173
231.1111111111111,2.1951219512195173
235.55555555555554,2.1951219512195173
239.99999999999997,2.1951219512195173
244.44444444444443,2.1951219512195173
248.88888888888889,2.1951219512195173
253.33333333333331,2.1951219512195173
257.77777777777777,2.1951219512195173
262.22222222222223,2.1951219512195173
266.66666666666663,2.1951219512195173
271.1111111111111,2.1951219512195173
275.55555555555554,2.1951219512195173
280.0,2.1951219512195173
284.44444444444446,2.1951219512195173
288.88888888888886,2.1951219512195173
293.3333333333333,2.1951219512195173
297.77777777777777,2.1951219512195173
302.22222222222223,2.1951219512195173
306.6666666666667,2.1951219512195173
311.1111111111111,2.1951219512195173
315.55555555555554,2.1951219512195173
320.0,2.1951219512195173
324.44444444444446,2.1951219512195173
328.88888888888886,2.1951219512195173
333.3333333333333,2.1951219512195173
337.77777777777777,2.1951219512195173
342.22222222222223,2.1951219512195173
346.6666666666667,2.1951219512195173
351.1111111111111,2.1951219512195173
355.55555555555554,2.1951219512195173
0.0,6.585365853658551
4.444444444444445,6.585365853658551
8.88888888888889,6.585365853658551
13.333333333333332,6.585365853658551
17.77777777777778,6.585365853658551
22.22222222222222,6.585365853658551
26.666666666666664,6.585365853658551
31.11111111111111,6.585365853658551
35.55555555555556,6.585365853658551
40.0,6.585365853658551
44.44444444444444,6.585365853658551
48.888888888888886,6.585365853658551
53.33333333333333,6.585365853658551
57.77777777777777,6.585365853658551
62.22222222222222,6.585365853658551
66.66666666666666,6.585365853658551
71.11111111111111,6.585365853658551
75.55555555555556,6.585365853658551
80.0,6.585365853658551
84.44444444444444,6.585365853658551
88.88888888888889,6.585365853658551
93.33333333333333,6.585365853658551
97.77777777777777,6.585365853658551
102.22222222222223,6.585365853658551
106.66666666666666,6.585365853658551
111.1111111111111,6.585365853658551
115.55555555555554,6.585365853658551
119.99999999999999,6.585365853658551
124.44444444444444,6.585365853658551
128.88888888888889,6.585365853658551
133.33333333333331,6.585365853658551
137.77777777777777,6.585365853658551
142.22222222222223,6.585365853658551
146.66666666666666,6.585365853658551
151.11111111111111,6.585365853658551
155.55555555555554,6.585365853658551
160.0,6.585365853658551
164.44444444444443,6.585365853658551
168.88888888888889,6.585365853658551
173.33333333333334,6.585365853658551
177.77777777777777,6.585365853658551
182.22222222222223,6.585365853658551
186.66666666666666,6.585365853658551
191.11111111111111,6.585365853658551
195.55555555555554,6.585365853658551
200.0,6.585365853658551
204.44444444444446,6.585365853658551
208.88888888888889,6.585365853658551
213.33333333333331,6.585365853658551
217.77777777777774,6.585365853658551
222.2222222222222,6.585365853658551
226.66666666666666,6.585365853658551
231.1111111111111,6.585365853658551
235.55555555555554,6.585365853658551
239.99999999999997,6.585365853658551
244.44444444444443,6.585365853658551
248.88888888888889,6.585365853658551
253.33333333333331,6.585365853658551
257.77777777777777,6.585365853658551
262.22222222222223,6.585365853658551
266.66666666666663,6.585365853658551
271.1111111111111,6.585365853658551
275.55555555555554,6.585365853658551
280.0,6.585365853658551
284.44444444444446,6.585365853658551
288.88888888888886,6.585365853658551
293.3333333333333,6.585365853658551
297.77777777777777,6.585365853658551
302.22222222222223,6.585365853658551
306.6666666666667,6.585365853658551
311.1111111111111,6.585365853658551
315.55555555555554,6.585365853658551
320.0,6.585365853658551
324.44444444444446,6.585365853658551
328.88888888888886,6.585365853658551
333.3333333333333,6.585365853658551
337.77777777777777,6.585365853658551
342.22222222222223,6.585365853658551
346.6666666666667,6.585365853658551
351.1111111111111,6.585365853658551
355.55555555555554,6.585365853658551
0.0,10.975609756097573
4.5,10.975609756097573
9.0,10.975609756097573
13.5,10.975609756097573
18.0,10.975609756097573
22.5,10.975609756097573
27.0,10.975609756097573
31.5,10.975609756097573
36.0,10.975609756097573
40.5,10.975609756097573
45.0,10.975609756097573
49.5,10.975609756097573
54.0,10.975609756097573
58.5,10.975609756097573
63.0,10.975609756097573
67.5,10.975609756097573
72.0,10.975609756097573
76.5,10.975609756097573
81.0,10.975609756097573
85.5,10.975609756097573
90.0,10.975609756097573
94.5,10.975609756097573
99.0,10.975609756097573
103.5,10.975609756097573
108.0,10.975609756097573
112.5,10.975609756097573
117.0,10.975609756097573
121.5,10.975609756097573
126.0,10.975609756097573
130.5,10.975609756097573
135.0,10.975609756097573
139.5,10.975609756097573
144.0,10.975609756097573
148.5,10.975609756097573
153.0,10.975609756097573
157.5,10.975609756097573
162.0,10.975609756097573
166.5,10.975609756097573
171.0,10.975609756097573
175.5,10.975609756097573
180.0,10.975609756097573
184.5,10.975609756097573
189.0,10.975609756097573
193.5,10.975609756097573
198.0,10.975609756097573
202.5,10.975609756097573
207.0,10.975609756097573
211.5,10.975609756097573
216.0,10.975609756097573
220.5,10.975609756097573
225.0,10.975609756097573
229.49999999999997,10.975609756097573
234.0,10.975609756097573
238.50000000000003,10.975609756097573
243.0,10.975609756097573
247.49999999999997,10.975609756097573
252.0,10.975609756097573
256.5,10.975609756097573
261.0,10.975609756097573
265.5,10.975609756097573
270.0,10.975609756097573
274.5,10.975609756097573
279.0,10.975609756097573
283.5,10.975609756097573
288.0,10.975609756097573
292.5,10.975609756097573
297.0,10.975609756097573
301.5,10.975609756097573
306.0,10.975609756097573
310.5,10.975609756097573
315.0,10.975609756097573
319.5,10.975609756097573
324.0,10.975609756097573
328.5,10.975609756097573
333.0,10.975609756097573
337.5,10.975609756097573
342.0,10.975609756097573
346.5,10.975609756097573
351.0,10.975609756097573
355.5,10.975609756097573
0.0,15.365853658536595
4.556962025316456,15.365853658536595
9.113924050632912,15.365853658536595
13.670886075949369,15.365853658536595
18.227848101265824,15.365853658536595
22.78481012658228,15.365853658536595
27.341772151898738,15.365853658536595
31.89873417721519,15.365853658536595
36.45569620253165,15.365853658536595
41.01265822784811,15.365853658536595
45.56962025316456,15.365853658536595
50.12658227848102,15.365853658536595
54.683544303797476,15.365853658536595
59.240506329113934,15.365853658536595
63.79746835443038,15.365853658536595
68.35443037974684,15.365853658536595
72.9113924050633,15.365853658536595
77.46835443037976,15.365853658536595
82.02531645569621,15.365853658536595
86.58227848101266,15.365853658536595
91.13924050632912,15.365853658536595
95.69620253164558,15.365853658536595
100.25316455696203,15.365853658536595
104.8101265822785,15.365853658536595
109.36708860759495,15.365853658536595
113.9240506329114,15.365853658536595
118.48101265822787,15.365853658536595
123.03797468354432,15.365853658536595
127.59493670886076,15.365853658536595
132.15189873417722,15.365853658536595
136.7088607594937,15.365853658536595
141.26582278481015,15.365853658536595
145.8227848101266,15.365853658536595
150.37974683544303,15.365853658536595
154.93670886075952,15.365853658536595
159.49367088607596,15.365853658536595
164.05063291139243,15.365853658536595
168.60759493670886,15.365853658536595
173.16455696202533,15.365853658536595
177.7215189873418,15.365853658536595
182.27848101265823,15.365853658536595
186.8354430379747,15.365853658536595
191.39240506329116,15.365853658536595
195.9493670886076,15.365853658536595
200.50632911392407,15.365853658536595
205.0632911392405,15.365853658536595
209.620253164557,15.365853658536595
214.17721518987344,15.365853658536595
218.7341772151899,15.365853658536595
223.29113924050634,15.365853658536595
227.8481012658228,15.365853658536595
232.40506329113927,15.365853658536595
236.96202531645574,15.365853658536595
241.51898734177215,15.365853658536595
246.07594936708864,15.365853658536595
250.6329113924051,15.365853658536595
255.18987341772151,15.365853658536595
259.746835443038,15.365853658536595
264.30379746835445,15.365853658536595
268.86075949367086,15.365853658536595
273.4177215189874,15.365853658536595
277.97468354430384,15.365853658536595
282.5316455696203,15.365853658536595
287.0886075949367,15.365853658536595
291.6455696202532,15.365853658536595
296.20253164556965,15.365853658536595
300.75949367088606,15.365853658536595
305.3164556962025,15.365853658536595
309.87341772151905,15.365853658536595
314.4303797468355,15.365853658536595
318.9873417721519,15.365853658536595
323.5443037974684,15.365853658536595
328.10126582278485,15.365853658536595
332.65822784810126,15.365853658536595
337.2151898734177,15.365853658536595
341.7721518987342,15.365853658536595
346.32911392405066,15.365853658536595
350.8860759493671,15.365853658536595
355.4430379746836,15.365853658536595
0.0,19.756097560975615
4.675324675324675,19.756097560975615
9.35064935064935,19.756097560975615
14.025974025974026,19.756097560975615
18.7012987012987,19.756097560975615
23.376623376623375,19.756097560975615
28.051948051948052,19.756097560975615
32.72727272727273,19.756097560975615
37.4025974025974,19.756097560975615
42.077922077922075,19.756097560975615
46.75324675324675,19.756097560975615
51.42857142857143,19.756097560975615
56.103896103896105,19.756097560975615
60.77922077922078,19.756097560975615
65.45454545454545,19.756097560975615
70.12987012987013,19.756097560975615
74.8051948051948,19.756097560975615
79.48051948051948,19.756097560975615
84.15584415584415,19.756097560975615
88.83116883116882,19.756097560975615
93.5064935064935,19.756097560975615
98.18181818181817,19.756097560975615
102.85714285714286,19.756097560975615
107.53246753246752,19.756097560975615
112.20779220779221,19.756097560975615
116.88311688311687,19.756097560975615
121.55844155844156,19.756097560975615
126.23376623376623,19.756097560975615
130.9090909090909,19.756097560975615
135.58441558441558,19.756097560975615
140.25974025974025,19.756097560975615
144.93506493506493,19.756097560975615
149.6103896103896,19.756097560975615
154.28571428571428,19.756097560975615
158.96103896103895,19.756097560975615
163.63636363636363,19.756097560975615
168.3116883116883,19.756097560975615
172.98701298701297,19.756097560975615
177.66233766233765,19.756097560975615
182.33766233766235,19.756097560975615
187.012987012987,19.756097560975615
191.68831168831167,19.756097560975615
196.36363636363635,19.756097560975615
201.03896103896102,19.756097560975615
205.71428571428572,19.756097560975615
210.3896103896104,19.756097560975615
215.06493506493504,19.756097560975615
219.74025974025972,19.756097560975615
224.41558441558442,19.756097560975615
229.0909090909091,19.756097560975615
233.76623376623374,19.756097560975615
238.4415584415584,19.756097560975615
243.11688311688312,19.756097560975615
247.7922077922078,19.756097560975615
252.46753246753246,19.756097560975615
257.14285714285717,19.756097560975615
261.8181818181818,19.756097560975615
266.4935064935065,19.756097560975615
271.16883116883116,19.756097560975615
275.8441558441558,19.756097560975615
280.5194805194805,19.756097560975615
285.19480519480516,19.756097560975615
289.87012987012986,19.756097560975615
294.5454545454545,19.756097560975615
299.2207792207792,19.756097560975615
303.8961038961039,19.756097560975615
308.57142857142856,19.756097560975615
313.24675324675326,19.756097560975615
317.9220779220779,19.756097560975615
322.5974025974026,19.756097560975615
327.27272727272725,19.756097560975615
331.9480519480519,19.756097560975615
336.6233766233766,19.756097560975615
341.2987012987013,19.756097560975615
345.97402597402595,19.756097560975615
350.64935064935065,19.756097560975615
355.3246753246753,19.756097560975615
0.0,24.146341463414636
4.8,24.146341463414636
9.6,24.146341463414636
14.399999999999999,24.146341463414636
19.2,24.146341463414636
24.0,24.146341463414636
28.799999999999997,24.146341463414636
33.599999999999994,24.146341463414636
38.4,24.146341463414636
43.199999999999996,24.146341463414636
48.0,24.146341463414636
52.8,24.146341463414636
57.599999999999994,24.146341463414636
62.4,24.146341463414636
67.19999999999999,24.146341463414636
72.0,24.146341463414636
76.8,24.146341463414636
81.6,24.146341463414636
86.39999999999999,24.146341463414636
91.19999999999999,24.146341463414636
96.0,24.146341463414636
100.79999999999998,24.146341463414636
105.6,24.146341463414636
110.39999999999999,24.146341463414636
115.19999999999999,24.146341463414636
119.99999999999999,24.146341463414636
124.8,24.146341463414636
129.59999999999997,24.146341463414636
134.39999999999998,24.146341463414636
139.2,24.146341463414636
144.0,24.146341463414636
148.79999999999998,24.146341463414636
153.6,24.146341463414636
158.4,24.146341463414636
163.2,24.146341463414636
167.99999999999997,24.146341463414636
172.79999999999998,24.146341463414636
177.6,24.146341463414636
182.39999999999998,24.146341463414636
187.2,24.146341463414636
192.0,24.146341463414636
196.79999999999998,24.146341463414636
201.59999999999997,24.146341463414636
206.39999999999998,24.146341463414636
211.2,24.146341463414636
215.99999999999997,24.146341463414636
220.79999999999998,24.146341463414636
225.6,24.146341463414636
230.39999999999998,24.146341463414636
235.2,24.146341463414636
239.99999999999997,24.146341463414636
244.79999999999998,24.146341463414636
249.6,24.146341463414636
254.4,24.146341463414636
259.19999999999993,24.146341463414636
263.99999999999994,24.146341463414636
268.79999999999995,24.146341463414636
273.59999999999997,24.146341463414636
278.4,24.146341463414636
283.2,24.146341463414636
288.0,24.146341463414636
292.79999999999995,24.146341463414636
297.59999999999997,24.146341463414636
302.4,24.146341463414636
307.2,24.146341463414636
312.0,24.146341463414636
316.8,24.146341463414636
321.6,24.146341463414636
326.4,24.146341463414636
331.19999999999993,24.146341463414636
335.99999999999994,24.146341463414636
340.79999999999995,24.146341463414636
345.59999999999997,24.146341463414636
350.4,24.146341463414636
355.2,24.146341463414636
0.0,28.53658536585367
4.931506849315069,28.53658536585367
9.863013698630137,28.53658536585367
14.794520547945206,28.53658536585367
19.726027397260275,28.53658536585367
24.65753424657534,28.53658536585367
29.589041095890412,28.53658536585367
34.52054794520548,28.53658536585367
39.45205479452055,28.53658536585367
44.38356164383562,28.53658536585367
49.31506849315068,28.53658536585367
54.24657534246575,28.53658536585367
59.178082191780824,28.53658536585367
64.10958904109589,28.53658536585367
69.04109589041096,28.53658536585367
73.97260273972603,28.53658536585367
78.9041095890411,28.53658536585367
83.83561643835617,28.53658536585367
88.76712328767124,28.53658536585367
93.6986301369863,28.53658536585367
98.63013698630137,28.53658536585367
103.56164383561644,28.53658536585367
108.4931506849315,28.53658536585367
113.42465753424658,28.53658536585367
118.35616438356165,28.53658536585367
123.28767123287672,28.53658536585367
128.21917808219177,28.53658536585367
133.15068493150685,28.53658536585367
138.08219178082192,28.53658536585367
143.013698630137,28.53658536585367
147.94520547945206,28.53658536585367
152.87671232876713,28.53658536585367
157.8082191780822,28.53658536585367
162.73972602739727,28.53658536585367
167.67123287671234,28.53658536585367
172.6027397260274,28.53658536585367
177.53424657534248,28.53658536585367
182.46575342465752,28.53658536585367
187.3972602739726,28.53658536585367
192.32876712328766,28.53658536585367
197.26027397260273,28.53658536585367
202.1917808219178,28.53658536585367
207.12328767123287,28.53658536585367
212.05479452054794,28.53658536585367
216.986301369863,28.53658536585367
221.91780821917808,28.53658536585367
226.84931506849315,28.53658536585367
231.78082191780823,28.53658536585367
236.7123287671233,28.53658536585367
241.64383561643837,28.53658536585367
246.57534246575344,28.53658536585367
251.5068493150685,28.53658536585367
256.43835616438355,28.53658536585367
261.36986301369865,28.53658536585367
266.3013698630137,28.53658536585367
271.2328767123288,28.53658536585367
276.16438356164383,28.53658536585367
281.09589041095893,28.53658536585367
286.027397260274,28.53658536585367
290.95890410958907,28.53658536585367
295.8904109589041,28.53658536585367
300.8219178082192,28.53658536585367
305.75342465753425,28.53658536585367
310.6849315068493,28.53658536585367
315.6164383561644,28.53658536585367
320.54794520547944,28.53658536585367
325.47945205479454,28.53658536585367
330.4109589041096,28.53658536585367
335.3424657534247,28.53658536585367
340.2739726027397,28.53658536585367
345.2054794520548,28.53658536585367
350.13698630136986,28.53658536585367
355.06849315068496,28.53658536585367
0.0,32.92682926829271
5.142857142857143,32.92682926829271
10.285714285714286,32.92682926829271
15.428571428571429,32.92682926829271
20.571428571428573,32.92682926829271
25.714285714285715,32.92682926829271
30.857142857142858,32.92682926829271
36.0,32.92682926829271
41.142857142857146,32.92682926829271
46.285714285714285,32.92682926829271
51.42857142857143,32.92682926829271
56.57142857142857,32.92682926829271
61.714285714285715,32.92682926829271
66.85714285714286,32.92682926829271
72.0,32.92682926829271
77.14285714285714,32.92682926829271
82.28571428571429,32.92682926829271
87.42857142857143,32.92682926829271
92.57142857142857,32.92682926829271
97.71428571428571,32.92682926829271
102.85714285714286,32.92682926829271
108.0,32.92682926829271
113.14285714285714,32.92682926829271
118.28571428571429,32.92682926829271
123.42857142857143,32.92682926829271
128.57142857142858,32.92682926829271
133.71428571428572,32.92682926829271
138.85714285714286,32.92682926829271
144.0,32.92682926829271
149.14285714285714,32.92682926829271
154.28571428571428,32.92682926829271
159.42857142857142,32.92682926829271
164.57142857142858,32.92682926829271
169.71428571428572,32.92682926829271
174.85714285714286,32.92682926829271
180.0,32.92682926829271
185.14285714285714,32.92682926829271
190.28571428571428,32.92682926829271
195.42857142857142,32.92682926829271
200.57142857142858,32.92682926829271
205.71428571428572,32.92682926829271
210.85714285714286,32.92682926829271
216.0,32.92682926829271
221.14285714285714,32.92682926829271
226.28571428571428,32.92682926829271
231.42857142857142,32.92682926829271
236.57142857142858,32.92682926829271
241.71428571428572,32.92682926829271
246.85714285714286,32.92682926829271
252.0,32.92682926829271
257.14285714285717,32.92682926829271
262.2857142857143,32.92682926829271
267.42857142857144,32.92682926829271
272.57142857142856,32.92682926829271
277.7142857142857,32.92682926829271
282.85714285714283,32.92682926829271
288.0,32.92682926829271
293.14285714285717,32.92682926829271
298.2857142857143,32.92682926829271
303.42857142857144,32.92682926829271
308.57142857142856,32.92682926829271
313.7142857142857,32.92682926829271
318.85714285714283,32.92682926829271
324.0,32.92682926829271
329.14285714285717,32.92682926829271
334.2857142857143,32.92682926829271
339.42857142857144,32.92682926829271
344.57142857142856,32.92682926829271
349.7142857142857,32.92682926829271
354.85714285714283,32.92682926829271
0.0,37.31707317073172
5.454545454545454,37.31707317073172
10.909090909090908,37.31707317073172
16.363636363636363,37.31707317073172
21.818181818181817,37.31707317073172
27.27272727272727,37.31707317073172
32.72727272727273,37.31707317073172
38.18181818181818,37.31707317073172
43.63636363636363,37.31707317073172
49.090909090909086,37.31707317073172
54.54545454545454,37.31707317073172
59.99999999999999,37.31707317073172
65.45454545454545,37.31707317073172
70.9090909090909,37.31707317073172
76.36363636363636,37.31707317073172
81.81818181818181,37.31707317073172
87.27272727272727,37.31707317073172
92.72727272727273,37.31707317073172
98.18181818181817,37.31707317073172
103.63636363636364,37.31707317073172
109.09090909090908,37.31707317073172
114.54545454545455,37.31707317073172
119.99999999999999,37.31707317073172
125.45454545454545,37.31707317073172
130.9090909090909,37.31707317073172
136.36363636363637,37.31707317073172
141.8181818181818,37.31707317073172
147.27272727272725,37.31707317073172
152.72727272727272,37.31707317073172
158.1818181818182,37.31707317073172
163.63636363636363,37.31707317073172
169.0909090909091,37.31707317073172
174.54545454545453,37.31707317073172
180.0,37.31707317073172
185.45454545454547,37.31707317073172
190.9090909090909,37.31707317073172
196.36363636363635,37.31707317073172
201.8181818181818,37.31707317073172
207.27272727272728,37.31707317073172
212.72727272727272,37.31707317073172
218.18181818181816,37.31707317073172
223.63636363636363,37.31707317073172
229.0909090909091,37.31707317073172
234.54545454545456,37.31707317073172
239.99999999999997,37.31707317073172
245.45454545454547,37.31707317073172
250.9090909090909,37.31707317073172
256.3636363636363,37.31707317073172
261.8181818181818,37.31707317073172
267.27272727272725,37.31707317073172
272.72727272727275,37.31707317073172
278.1818181818182,37.31707317073172
283.6363636363636,37.31707317073172
289.0909090909091,37.31707317073172
294.5454545454545,37.31707317073172
299.99999999999994,37.31707317073172
305.45454545454544,37.31707317073172
310.9090909090909,37.31707317073172
316.3636363636364,37.31707317073172
321.8181818181818,37.31707317073172
327.27272727272725,37.31707317073172
332.72727272727275,37.31707317073172
338.1818181818182,37.31707317073172
343.6363636363636,37.31707317073172
349.09090909090907,37.31707317073172
354.5454545454545,37.31707317073172
0.0,41.70731707317075
5.714285714285714,41.70731707317075
11.428571428571429,41.70731707317075
17.142857142857142,41.70731707317075
22.857142857142858,41.70731707317075
28.571428571428573,41.70731707317075
34.285714285714285,41.70731707317075
40.00000000000001,41.70731707317075
45.714285714285715,41.70731707317075
51.42857142857143,41.70731707317075
57.142857142857146,41.70731707317075
62.85714285714286,41.70731707317075
68.57142857142857,41.70731707317075
74.28571428571429,41.70731707317075
80.00000000000001,41.70731707317075
85.71428571428572,41.70731707317075
91.42857142857143,41.70731707317075
97.14285714285714,41.70731707317075
102.85714285714286,41.70731707317075
108.57142857142858,41.70731707317075
114.28571428571429,41.70731707317075
120.00000000000001,41.70731707317075
125.71428571428572,41.70731707317075
131.42857142857144,41.70731707317075
137.14285714285714,41.70731707317075
142.85714285714286,41.70731707317075
148.57142857142858,41.70731707317075
154.28571428571428,41.70731707317075
160.00000000000003,41.70731707317075
165.71428571428572,41.70731707317075
171.42857142857144,41.70731707317075
177.14285714285717,41.70731707317075
182.85714285714286,41.70731707317075
188.57142857142858,41.70731707317075
194.28571428571428,41.70731707317075
200.0,41.70731707317075
205.71428571428572,41.70731707317075
211.42857142857144,41.70731707317075
217.14285714285717,41.70731707317075
222.85714285714286,41.70731707317075
228.57142857142858,41.70731707317075
234.2857142857143,41.70731707317075
240.00000000000003,41.70731707317075
245.71428571428572,41.70731707317075
251.42857142857144,41.70731707317075
257.14285714285717,41.70731707317075
262.8571428571429,41.70731707317075
268.57142857142856,41.70731707317075
274.2857142857143,41.70731707317075
280.00000000000006,41.70731707317075
285.7142857142857,41.70731707317075
291.42857142857144,41.70731707317075
297.14285714285717,41.70731707317075
302.8571428571429,41.70731707317075
308.57142857142856,41.70731707317075
314.28571428571433,41.70731707317075
320.00000000000006,41.70731707317075
325.7142857142857,41.70731707317075
331.42857142857144,41.70731707317075
337.14285714285717,41.70731707317075
342.8571428571429,41.70731707317075
348.57142857142856,41.70731707317075
354.28571428571433,41.70731707317075
0.0,46.09756097560976
6.101694915254237,46.09756097560976
12.203389830508474,46.09756097560976
18.30508474576271,46.09756097560976
24.406779661016948,46.09756097560976
30.508474576271187,46.09756097560976
36.61016949152542,46.09756097560976
42.71186440677966,46.09756097560976
48.813559322033896,46.09756097560976
54.91525423728813,46.09756097560976
61.016949152542374,46.09756097560976
67.11864406779661,46.09756097560976
73.22033898305084,46.09756097560976
79.32203389830508,46.09756097560976
85.42372881355932,46.09756097560976
91.52542372881356,46.09756097560976
97.62711864406779,46.09756097560976
103.72881355932203,46.09756097560976
109.83050847457626,46.09756097560976
115.9322033898305,46.09756097560976
122.03389830508475,46.09756097560976
128.135593220339,46.09756097560976
134.23728813559322,46.09756097560976
140.33898305084745,46.09756097560976
146.44067796610167,46.09756097560976
152.54237288135593,46.09756097560976
158.64406779661016,46.09756097560976
164.74576271186442,46.09756097560976
170.84745762711864,46.09756097560976
176.94915254237287,46.09756097560976
183.05084745762713,46.09756097560976
189.15254237288136,46.09756097560976
195.25423728813558,46.09756097560976
201.3559322033898,46.09756097560976
207.45762711864407,46.09756097560976
213.5593220338983,46.09756097560976
219.66101694915253,46.09756097560976
225.76271186440675,46.09756097560976
231.864406779661,46.09756097560976
237.96610169491527,46.09756097560976
244.0677966101695,46.09756097560976
250.16949152542372,46.09756097560976
256.271186440678,46.09756097560976
262.3728813559322,46.09756097560976
268.47457627118644,46.09756097560976
274.57627118644064,46.09756097560976
280.6779661016949,46.09756097560976
286.77966101694915,46.09756097560976
292.88135593220335,46.09756097560976
298.9830508474576,46.09756097560976
305.08474576271186,46.09756097560976
311.18644067796606,46.09756097560976
317.2881355932203,46.09756097560976
323.3898305084745,46.09756097560976
329.49152542372883,46.09756097560976
335.5932203389831,46.09756097560976
341.6949152542373,46.09756097560976
347.79661016949154,46.09756097560976
353.89830508474574,46.09756097560976
0.0,50.48780487804879
6.666666666666667,50.48780487804879
13.333333333333334,50.48780487804879
20.0,50.48780487804879
26.666666666666668,50.48780487804879
33.33333333333333,50.48780487804879
40.0,50.48780487804879
46.666666666666664,50.48780487804879
53.333333333333336,50.48780487804879
59.99999999999999,50.48780487804879
66.66666666666666,50.48780487804879
73.33333333333333,50.48780487804879
80.0,50.48780487804879
86.66666666666667,50.48780487804879
93.33333333333333,50.48780487804879
100.0,50.48780487804879
106.66666666666667,50.48780487804879
113.33333333333334,50.48780487804879
119.99999999999999,50.48780487804879
126.66666666666666,50.48780487804879
133.33333333333331,50.48780487804879
140.0,50.48780487804879
146.66666666666666,50.48780487804879
153.33333333333334,50.48780487804879
160.0,50.48780487804879
166.66666666666666,50.48780487804879
173.33333333333334,50.48780487804879
180.0,50.48780487804879
186.66666666666666,50.48780487804879
193.33333333333334,50.48780487804879
200.0,50.48780487804879
206.66666666666666,50.48780487804879
213.33333333333334,50.48780487804879
220.0,50.48780487804879
226.66666666666669,50.48780487804879
233.33333333333334,50.48780487804879
239.99999999999997,50.48780487804879
246.66666666666669,50.48780487804879
253.33333333333331,50.48780487804879
260.0,50.48780487804879
266.66666666666663,50.48780487804879
273.33333333333337,50.48780487804879
280.0,50.48780487804879
286.6666666666667,50.48780487804879
293.3333333333333,50.48780487804879
300.0,50.48780487804879
306.6666666666667,50.48780487804879
313.33333333333337,50.48780487804879
320.0,50.48780487804879
326.6666666666667,50.48780487804879
333.3333333333333,50.48780487804879
340.0,50.48780487804879
346.6666666666667,50.48780487804879
353.33333333333337,50.48780487804879
0.0,54.87804878048783
7.346938775510203,54.87804878048783
14.693877551020407,54.87804878048783
22.04081632653061,54.87804878048783
29.387755102040813,54.87804878048783
36.73469387755102,54.87804878048783
44.08163265306122,54.87804878048783
51.42857142857143,54.87804878048783
58.77551020408163,54.87804878048783
66.12244897959182,54.87804878048783
73.46938775510203,54.87804878048783
80.81632653061224,54.87804878048783
88.16326530612244,54.87804878048783
95.51020408163264,54.87804878048783
102.85714285714286,54.87804878048783
110.20408163265306,54.87804878048783
117.55102040816325,54.87804878048783
124.89795918367346,54.87804878048783
132.24489795918365,54.87804878048783
139.59183673469386,54.87804878048783
146.93877551020407,54.87804878048783
154.28571428571428,54.87804878048783
161.6326530612245,54.87804878048783
168.9795918367347,54.87804878048783
176.32653061224488,54.87804878048783
183.6734693877551,54.87804878048783
191.02040816326527,54.87804878048783
198.36734693877548,54.87804878048783
205.71428571428572,54.87804878048783
213.0612244897959,54.87804878048783
220.40816326530611,54.87804878048783
227.75510204081633,54.87804878048783
235.1020408163265,54.87804878048783
242.44897959183675,54.87804878048783
249.79591836734693,54.87804878048783
257.14285714285717,54.87804878048783
264.4897959183673,54.87804878048783
271.83673469387753,54.87804878048783
279.1836734693877,54.87804878048783
286.53061224489795,54.87804878048783
293.87755102040813,54.87804878048783
301.2244897959183,54.87804878048783
308.57142857142856,54.87804878048783
315.91836734693874,54.87804878048783
323.265306122449,54.87804878048783
330.61224489795916,54.87804878048783
337.9591836734694,54.87804878048783
345.3061224489795,54.87804878048783
352.65306122448976,54.87804878048783
0.0,59.268292682926834
8.181818181818182,59.268292682926834
16.363636363636363,59.268292682926834
24.545454545454543,59.268292682926834
32.72727272727273,59.268292682926834
40.909090909090914,59.268292682926834
49.090909090909086,59.268292682926834
57.27272727272727,59.268292682926834
65.45454545454545,59.268292682926834
73.63636363636363,59.268292682926834
81.81818181818183,59.268292682926834
90.0,59.268292682926834
98.18181818181817,59.268292682926834
106.36363636363636,59.268292682926834
114.54545454545455,59.268292682926834
122.72727272727273,59.268292682926834
130.9090909090909,59.268292682926834
139.0909090909091,59.268292682926834
147.27272727272725,59.268292682926834
155.45454545454547,59.268292682926834
163.63636363636365,59.268292682926834
171.8181818181818,59.268292682926834
180.0,59.268292682926834
188.1818181818182,59.268292682926834
196.36363636363635,59.268292682926834
204.54545454545456,59.268292682926834
212.72727272727272,59.268292682926834
220.9090909090909,59.268292682926834
229.0909090909091,59.268292682926834
237.27272727272728,59.268292682926834
245.45454545454547,59.268292682926834
253.63636363636365,59.268292682926834
261.8181818181818,59.268292682926834
270.0,59.268292682926834
278.1818181818182,59.268292682926834
286.3636363636364,59.268292682926834
294.5454545454545,59.268292682926834
302.7272727272727,59.268292682926834
310.90909090909093,59.268292682926834
319.0909090909091,59.268292682926834
327.2727272727273,59.268292682926834
335.45454545454544,59.268292682926834
343.6363636363636,59.268292682926834
351.8181818181818,59.268292682926834
0.0,63.65853658536587
9.23076923076923,63.65853658536587
18.46153846153846,63.65853658536587
27.69230769230769,63.65853658536587
36.92307692307692,63.65853658536587
46.153846153846146,63.65853658536587
55.38461538461538,63.65853658536587
64.61538461538461,63.65853658536587
73.84615384615384,63.65853658536587
83.07692307692307,63.65853658536587
92.30769230769229,63.65853658536587
101.53846153846153,63.65853658536587
110.76923076923076,63.65853658536587
119.99999999999999,63.65853658536587
129.23076923076923,63.65853658536587
138.46153846153845,63.65853658536587
147.69230769230768,63.65853658536587
156.92307692307693,63.65853658536587
166.15384615384613,63.65853658536587
175.3846153846154,63.65853658536587
184.61538461538458,63.65853658536587
193.84615384615384,63.65853658536587
203.07692307692307,63.65853658536587
212.3076923076923,63.65853658536587
221.53846153846152,63.65853658536587
230.76923076923075,63.65853658536587
239.99999999999997,63.65853658536587
249.23076923076923,63.65853658536587
258.46153846153845,63.65853658536587
267.6923076923077,63.65853658536587
276.9230769230769,63.65853658536587
286.15384615384613,63.65853658536587
295.38461538461536,63.65853658536587
304.6153846153846,63.65853658536587
313.84615384615387,63.65853658536587
323.07692307692304,63.65853658536587
332.30769230769226,63.65853658536587
341.5384615384615,63.65853658536587
350.7692307692308,63.65853658536587
0.0,68.04878048780488
10.909090909090908,68.04878048780488
21.818181818181817,68.04878048780488
32.72727272727273,68.04878048780488
43.63636363636363,68.04878048780488
54.54545454545454,68.04878048780488
65.45454545454545,68.04878048780488
76.36363636363636,68.04878048780488
87.27272727272727,68.04878048780488
98.18181818181817,68.04878048780488
109.09090909090908,68.04878048780488
119.99999999999999,68.04878048780488
130.9090909090909,68.04878048780488
141.8181818181818,68.04878048780488
152.72727272727272,68.04878048780488
163.63636363636363,68.04878048780488
174.54545454545453,68.04878048780488
185.45454545454547,68.04878048780488
196.36363636363635,68.04878048780488
207.27272727272728,68.04878048780488
218.18181818181816,68.04878048780488
229.0909090909091,68.04878048780488
239.99999999999997,68.04878048780488
250.9090909090909,68.04878048780488
261.8181818181818,68.04878048780488
272.72727272727275,68.04878048780488
283.6363636363636,68.04878048780488
294.5454545454545,68.04878048780488
305.45454545454544,68.04878048780488
316.3636363636364,68.04878048780488
327.27272727272725,68.04878048780488
338.1818181818182,68.04878048780488
349.09090909090907,68.04878048780488
0.0,72.43902439024392
12.857142857142858,72.43902439024392
25.714285714285715,72.43902439024392
38.57142857142857,72.43902439024392
51.42857142857143,72.43902439024392
64.28571428571429,72.43902439024392
77.14285714285714,72.43902439024392
90.0,72.43902439024392
102.85714285714286,72.43902439024392
115.71428571428571,72.43902439024392
128.57142857142858,72.43902439024392
141.42857142857142,72.43902439024392
154.28571428571428,72.43902439024392
167.14285714285714,72.43902439024392
180.0,72.43902439024392
192.85714285714286,72.43902439024392
205.71428571428572,72.43902439024392
218.57142857142858,72.43902439024392
231.42857142857142,72.43902439024392
244.28571428571428,72.43902439024392
257.14285714285717,72.43902439024392
270.0,72.43902439024392
282.85714285714283,72.43902439024392
295.7142857142857,72.43902439024392
308.57142857142856,72.43902439024392
321.42857142857144,72.43902439024392
334.2857142857143,72.43902439024392
347.14285714285717,72.43902439024392
0.0,76.82926829268295
16.363636363636363,76.82926829268295
32.72727272727273,76.82926829268295
49.090909090909086,76.82926829268295
65.45454545454545,76.82926829268295
81.81818181818183,76.82926829268295
98.18181818181817,76.82926829268295
114.54545454545455,76.82926829268295
130.9090909090909,76.82926829268295
147.27272727272725,76.82926829268295
163.63636363636365,76.82926829268295
180.0,76.82926829268295
196.36363636363635,76.82926829268295
212.72727272727272,76.82926829268295
229.0909090909091,76.82926829268295
245.45454545454547,76.82926829268295
261.8181818181818,76.82926829268295
278.1818181818182,76.82926829268295
294.5454545454545,76.82926829268295
310.90909090909093,76.82926829268295
327.2727272727273,76.82926829268295
343.6363636363636,76.82926829268295
0.0,81.21951219512195
22.5,81.21951219512195
45.0,81.21951219512195
67.5,81.21951219512195
90.0,81.21951219512195
112.5,81.21951219512195
135.0,81.21951219512195
157.5,81.21951219512195
180.0,81.21951219512195
202.5,81.21951219512195
225.0,81.21951219512195
247.49999999999997,81.21951219512195
270.0,81.21951219512195
292.5,81.21951219512195
315.0,81.21951219512195
337.5,81.21951219512195
0.0,85.60975609756099
36.0,85.60975609756099
72.0,85.60975609756099
108.0,85.60975609756099
144.0,85.60975609756099
180.0,85.60975609756099
216.0,85.60975609756099
252.0,85.60975609756099
288.0,85.60975609756099
324.0,85.60975609756099
0.0,90.0
