target,start time (UTC),end time (UTC),duration (minutes),ra,dec,configuration,start_time_mjd,block_number,ra_hr
102_26,2026-07-19 23:27:44.199,2026-07-19 23:29:24.199,1.6666666666665542,270.0,-29.220779220779225,{'dither': False},61240.977594895834,0,18.000000000000004
104_26,2026-07-19 23:29:24.199,2026-07-19 23:31:04.199,1.666666666666714,275.2941176470588,-29.220779220779225,{'dither': False},61240.97875230324,0,18.35294117647059
108_28,2026-07-19 23:31:04.199,2026-07-19 23:32:44.199,1.666666666666714,275.74468085106383,-24.545454545454543,{'dither': False},61240.97990971065,0,18.38297872340426
106_28,2026-07-19 23:32:44.199,2026-07-19 23:34:24.199,1.666666666666714,270.63829787234044,-24.545454545454543,{'dither': False},61240.98106711805,0,18.042553191489368
104_28,2026-07-19 23:34:24.199,2026-07-19 23:36:04.199,1.666666666666714,265.531914893617,-24.545454545454543,{'dither': False},61240.98222452546,0,17.70212765957447
108_30,2026-07-19 23:36:04.199,2026-07-19 23:37:44.199,1.666666666666714,266.3013698630137,-19.870129870129876,{'dither': False},61240.98338193287,0,17.75342465753425
110_30,2026-07-19 23:37:44.199,2026-07-19 23:39:24.199,1.666666666666714,271.2328767123288,-19.870129870129876,{'dither': False},61240.98453934028,0,18.082191780821923
112_30,2026-07-19 23:39:24.199,2026-07-19 23:41:04.199,1.666666666666714,276.16438356164383,-19.870129870129876,{'dither': False},61240.98569674769,0,18.41095890410959
114_32,2026-07-19 23:41:04.199,2026-07-19 23:42:44.199,1.666666666666714,275.43624161073825,-15.194805194805197,{'dither': False},61240.98685415509,0,18.362416107382554
112_32,2026-07-19 23:42:44.199,2026-07-19 23:44:24.199,1.666666666666714,270.6040268456376,-15.194805194805197,{'dither': False},61240.9880115625,0,18.04026845637584
114_34,2026-07-19 23:44:24.199,2026-07-19 23:46:04.199,1.666666666666714,270.0,-10.519480519480515,{'dither': False},61240.98916896991,0,18.000000000000004
114_36,2026-07-19 23:46:04.199,2026-07-19 23:47:44.199,1.666666666666714,268.2352941176471,-5.84415584415585,{'dither': False},61240.990326377316,0,17.882352941176475
116_34,2026-07-19 23:47:44.199,2026-07-19 23:49:24.199,1.666666666666714,274.7368421052632,-10.519480519480515,{'dither': False},61240.991483784725,0,18.315789473684216
Unused Time,2026-07-19 23:49:24.199,2026-07-19 23:54:24.199,4.999999999999982,,,,61240.992641192126,0,
114_30,2026-07-19 23:54:24.199,2026-07-19 23:56:04.199,1.6666666666665542,281.09589041095893,-19.870129870129876,{'dither': False},61240.99611341435,0,18.739726027397264
116_36,2026-07-19 23:56:04.199,2026-07-19 23:57:44.199,1.6666666666663943,272.9411764705882,-5.84415584415585,{'dither': False},61240.99727082176,0,18.19607843137255
102_26_dither,2026-07-19 23:57:44.199,2026-07-19 23:59:24.199,1.666666666666874,267.5241486111111,-29.220779220779225,{'dither': True},61240.99842822917,1,17.834943240740746
104_26_dither,2026-07-19 23:59:24.199,2026-07-20 00:01:04.199,1.666666666666634,272.8182662581699,-29.220779220779225,{'dither': True},61240.99958563657,1,18.18788441721133
108_28_dither,2026-07-20 00:01:04.199,2026-07-20 00:02:44.199,1.666666666666634,273.26882946217495,-24.545454545454543,{'dither': True},61241.00074304398,1,18.217921964145
106_28_dither,2026-07-20 00:02:44.199,2026-07-20 00:04:24.199,1.666666666666634,268.16244648345156,-24.545454545454543,{'dither': True},61241.00190045139,1,17.877496432230107
104_28_dither,2026-07-20 00:04:24.199,2026-07-20 00:06:04.199,1.666666666666634,263.0560635047281,-24.545454545454543,{'dither': True},61241.0030578588,1,17.53707090031521
108_30_dither,2026-07-20 00:06:04.199,2026-07-20 00:07:44.199,1.666666666666634,263.8255184741248,-19.870129870129876,{'dither': True},61241.004215266206,1,17.588367898274992
110_30_dither,2026-07-20 00:07:44.199,2026-07-20 00:09:24.199,1.666666666666634,268.7570253234399,-19.870129870129876,{'dither': True},61241.00537267361,1,17.917135021562665
112_30_dither,2026-07-20 00:09:24.199,2026-07-20 00:11:04.199,1.666666666666634,273.68853217275495,-19.870129870129876,{'dither': True},61241.00653008102,1,18.245902144850334
114_30_dither,2026-07-20 00:11:04.199,2026-07-20 00:12:44.199,1.666666666666634,278.62003902207005,-19.870129870129876,{'dither': True},61241.007687488425,1,18.574669268138006
114_32_dither,2026-07-20 00:12:44.199,2026-07-20 00:14:24.199,1.666666666666634,272.96039022184937,-15.194805194805197,{'dither': True},61241.008844895834,1,18.197359348123296
112_32_dither,2026-07-20 00:14:24.199,2026-07-20 00:16:04.199,1.666666666666634,268.1281754567487,-15.194805194805197,{'dither': True},61241.01000230324,1,17.875211697116583
114_34_dither,2026-07-20 00:16:04.199,2026-07-20 00:17:44.199,1.666666666666634,267.5241486111111,-10.519480519480515,{'dither': True},61241.01115971065,1,17.834943240740746
116_34_dither,2026-07-20 00:17:44.199,2026-07-20 00:19:24.199,1.666666666666634,272.2609907163743,-10.519480519480515,{'dither': True},61241.01231711805,1,18.150732714424958
116_36_dither,2026-07-20 00:19:24.199,2026-07-20 00:21:04.199,1.666666666666634,270.4653250816993,-5.84415584415585,{'dither': True},61241.01347452546,1,18.03102167211329
114_36_dither,2026-07-20 00:21:04.199,2026-07-20 00:22:44.199,1.666666666666634,265.7594427287582,-5.84415584415585,{'dither': True},61241.01463193287,1,17.717296181917217
116_38_dither,2026-07-20 00:22:44.199,2026-07-20 00:24:24.199,1.666666666666634,268.6929797799423,-1.16883116883117,{'dither': True},61241.01578934028,1,17.91286531866282
116_40_dither,2026-07-20 00:24:24.199,2026-07-20 00:26:04.199,1.666666666666634,268.6929797799423,3.5064935064934972,{'dither': True},61241.01694674769,1,17.91286531866282
Unused Time,2026-07-20 00:26:04.199,2026-07-20 00:27:44.199,1.666666666666874,,,,61241.01810415509,1,
102_28,2026-07-20 00:27:44.199,2026-07-20 00:29:24.199,1.666666666666634,260.4255319148936,-24.545454545454543,{'dither': False},61241.0192615625,2,17.361702127659576
116_32,2026-07-20 00:29:24.199,2026-07-20 00:31:04.199,1.666666666666634,280.2684563758389,-15.194805194805197,{'dither': False},61241.02041896991,2,18.684563758389267
110_32,2026-07-20 00:31:04.199,2026-07-20 00:32:44.199,1.666666666666634,265.77181208053696,-15.194805194805197,{'dither': False},61241.021576377316,2,17.718120805369136
104_34,2026-07-20 00:32:44.199,2026-07-20 00:34:24.199,1.666666666666634,246.3157894736842,-10.519480519480515,{'dither': False},61241.022733784725,2,16.42105263157895
106_34,2026-07-20 00:34:24.199,2026-07-20 00:36:04.199,1.666666666666634,251.05263157894737,-10.519480519480515,{'dither': False},61241.023891192126,2,16.73684210526316
108_34,2026-07-20 00:36:04.199,2026-07-20 00:37:44.199,1.666666666666634,255.78947368421055,-10.519480519480515,{'dither': False},61241.025048599535,2,17.052631578947373
110_34,2026-07-20 00:37:44.199,2026-07-20 00:39:24.199,1.666666666666634,260.52631578947364,-10.519480519480515,{'dither': False},61241.02620600694,2,17.36842105263158
112_34,2026-07-20 00:39:24.199,2026-07-20 00:41:04.199,1.666666666666634,265.2631578947368,-10.519480519480515,{'dither': False},61241.02736341435,2,17.68421052631579
118_34,2026-07-20 00:41:04.199,2026-07-20 00:42:44.199,1.666666666666634,279.4736842105263,-10.519480519480515,{'dither': False},61241.02852082176,2,18.631578947368425
120_34,2026-07-20 00:42:44.199,2026-07-20 00:44:24.199,1.666666666666634,284.2105263157895,-10.519480519480515,{'dither': False},61241.02967822917,2,18.947368421052637
122_34,2026-07-20 00:44:24.199,2026-07-20 00:46:04.199,1.666666666666714,288.94736842105266,-10.519480519480515,{'dither': False},61241.03083563657,2,19.263157894736846
120_36,2026-07-20 00:46:04.199,2026-07-20 00:47:44.199,1.666666666666714,282.35294117647055,-5.84415584415585,{'dither': False},61241.03199304398,2,18.823529411764707
118_36,2026-07-20 00:47:44.199,2026-07-20 00:49:24.199,1.666666666666714,277.6470588235294,-5.84415584415585,{'dither': False},61241.03315045139,2,18.50980392156863
112_36,2026-07-20 00:49:24.199,2026-07-20 00:51:04.199,1.666666666666714,263.52941176470586,-5.84415584415585,{'dither': False},61241.0343078588,2,17.568627450980394
110_36,2026-07-20 00:51:04.199,2026-07-20 00:52:44.199,1.666666666666714,258.8235294117647,-5.84415584415585,{'dither': False},61241.035465266206,2,17.254901960784316
108_36,2026-07-20 00:52:44.199,2026-07-20 00:54:24.199,1.666666666666714,254.1176470588235,-5.84415584415585,{'dither': False},61241.03662267361,2,16.941176470588236
114_38,2026-07-20 00:54:24.199,2026-07-20 00:56:04.199,1.666666666666714,266.4935064935065,-1.16883116883117,{'dither': False},61241.03778008102,2,17.76623376623377
Unused Time,2026-07-20 00:56:04.199,2026-07-20 00:57:44.199,1.666666666666714,,,,61241.038937488425,2,
102_28_dither,2026-07-20 00:57:44.199,2026-07-20 00:59:24.199,1.666666666666714,257.9496805260047,-24.545454545454543,{'dither': True},61241.040094895834,3,17.19664536840032
116_32_dither,2026-07-20 00:59:24.199,2026-07-20 01:01:04.199,1.666666666666714,277.79260498695004,-15.194805194805197,{'dither': True},61241.04125230324,3,18.519506999130005
110_32_dither,2026-07-20 01:01:04.199,2026-07-20 01:02:44.199,1.666666666666714,263.2959606916481,-15.194805194805197,{'dither': True},61241.04240971065,3,17.553064046109874
104_34_dither,2026-07-20 01:02:44.199,2026-07-20 01:04:24.199,1.666666666666714,243.8399380847953,-10.519480519480515,{'dither': True},61241.04356711805,3,16.25599587231969
106_34_dither,2026-07-20 01:04:24.199,2026-07-20 01:06:04.199,1.666666666666714,248.57678019005849,-10.519480519480515,{'dither': True},61241.04472452546,3,16.571785346003903
108_34_dither,2026-07-20 01:06:04.199,2026-07-20 01:07:44.199,1.666666666666714,253.3136222953217,-10.519480519480515,{'dither': True},61241.04588193287,3,16.887574819688115
110_34_dither,2026-07-20 01:07:44.199,2026-07-20 01:09:24.199,1.666666666666714,258.05046440058476,-10.519480519480515,{'dither': True},61241.04703934028,3,17.20336429337232
112_34_dither,2026-07-20 01:09:24.199,2026-07-20 01:11:04.199,1.666666666666714,262.78730650584794,-10.519480519480515,{'dither': True},61241.04819674769,3,17.519153767056533
118_34_dither,2026-07-20 01:11:04.199,2026-07-20 01:12:44.199,1.666666666666714,276.9978328216374,-10.519480519480515,{'dither': True},61241.04935415509,3,18.466522188109163
120_34_dither,2026-07-20 01:12:44.199,2026-07-20 01:14:24.199,1.666666666666714,281.7346749269006,-10.519480519480515,{'dither': True},61241.0505115625,3,18.782311661793376
122_34_dither,2026-07-20 01:14:24.199,2026-07-20 01:16:04.199,1.666666666666714,286.4715170321638,-10.519480519480515,{'dither': True},61241.05166896991,3,19.098101135477588
120_36_dither,2026-07-20 01:16:04.199,2026-07-20 01:17:44.199,1.666666666666714,279.87708978758167,-5.84415584415585,{'dither': True},61241.052826377316,3,18.65847265250545
118_36_dither,2026-07-20 01:17:44.199,2026-07-20 01:19:24.199,1.666666666666714,275.1712074346405,-5.84415584415585,{'dither': True},61241.053983784725,3,18.34474716230937
112_36_dither,2026-07-20 01:19:24.199,2026-07-20 01:21:04.199,1.666666666666714,261.05356037581697,-5.84415584415585,{'dither': True},61241.055141192126,3,17.403570691721136
110_36_dither,2026-07-20 01:21:04.199,2026-07-20 01:22:44.199,1.666666666666714,256.3476780228758,-5.84415584415585,{'dither': True},61241.056298599535,3,17.08984520152506
108_36_dither,2026-07-20 01:22:44.199,2026-07-20 01:24:24.199,1.666666666666714,251.64179566993465,-5.84415584415585,{'dither': True},61241.05745600694,3,16.77611971132898
114_38_dither,2026-07-20 01:24:24.199,2026-07-20 01:26:04.199,1.666666666666714,264.01765510461763,-1.16883116883117,{'dither': True},61241.05861341435,3,17.601177006974513
Unused Time,2026-07-20 01:26:04.199,2026-07-20 01:27:44.199,1.6666666666659147,,,,61241.05977082176,3,
98_34,2026-07-20 01:27:44.199,2026-07-20 01:29:24.199,1.666666666666714,232.1052631578947,-10.519480519480515,{'dither': False},61241.06092822917,4,15.473684210526317
100_34,2026-07-20 01:29:24.199,2026-07-20 01:31:04.199,1.666666666666714,236.8421052631579,-10.519480519480515,{'dither': False},61241.06208563657,4,15.78947368421053
102_34,2026-07-20 01:31:04.199,2026-07-20 01:32:44.199,1.666666666666714,241.578947368421,-10.519480519480515,{'dither': False},61241.06324304398,4,16.105263157894736
106_36,2026-07-20 01:32:44.199,2026-07-20 01:34:24.199,1.666666666666714,249.41176470588235,-5.84415584415585,{'dither': False},61241.06440045139,4,16.627450980392158
104_36,2026-07-20 01:34:24.199,2026-07-20 01:36:04.199,1.666666666666714,244.70588235294116,-5.84415584415585,{'dither': False},61241.0655578588,4,16.31372549019608
102_36,2026-07-20 01:36:04.199,2026-07-20 01:37:44.199,1.666666666666714,239.99999999999997,-5.84415584415585,{'dither': False},61241.066715266206,4,16.0
100_36,2026-07-20 01:37:44.199,2026-07-20 01:39:24.199,1.666666666666714,235.2941176470588,-5.84415584415585,{'dither': False},61241.06787267361,4,15.686274509803924
104_38,2026-07-20 01:39:24.199,2026-07-20 01:41:04.199,1.666666666666714,243.11688311688312,-1.16883116883117,{'dither': False},61241.06903008102,4,16.20779220779221
106_38,2026-07-20 01:41:04.199,2026-07-20 01:42:44.199,1.666666666666714,247.7922077922078,-1.16883116883117,{'dither': False},61241.070187488425,4,16.519480519480524
108_38,2026-07-20 01:42:44.199,2026-07-20 01:44:24.199,1.666666666666714,252.4675324675325,-1.16883116883117,{'dither': False},61241.071344895834,4,16.831168831168835
110_38,2026-07-20 01:44:24.199,2026-07-20 01:46:04.199,1.666666666666714,257.14285714285717,-1.16883116883117,{'dither': False},61241.07250230324,4,17.14285714285715
112_38,2026-07-20 01:46:04.199,2026-07-20 01:47:44.199,1.666666666666714,261.8181818181818,-1.16883116883117,{'dither': False},61241.07365971065,4,17.454545454545457
118_38,2026-07-20 01:47:44.199,2026-07-20 01:49:24.199,1.666666666666714,275.8441558441558,-1.16883116883117,{'dither': False},61241.07481711805,4,18.38961038961039
114_40,2026-07-20 01:49:24.199,2026-07-20 01:51:04.199,1.666666666666714,266.4935064935065,3.5064935064934972,{'dither': False},61241.07597452546,4,17.76623376623377
112_40,2026-07-20 01:51:04.199,2026-07-20 01:52:44.199,1.666666666666714,261.8181818181818,3.5064935064934972,{'dither': False},61241.07713193287,4,17.454545454545457
110_40,2026-07-20 01:52:44.199,2026-07-20 01:54:24.199,1.666666666666714,257.14285714285717,3.5064935064934972,{'dither': False},61241.07828934028,4,17.14285714285715
108_40,2026-07-20 01:54:24.199,2026-07-20 01:56:04.199,1.666666666666714,252.4675324675325,3.5064935064934972,{'dither': False},61241.07944674769,4,16.831168831168835
Unused Time,2026-07-20 01:56:04.199,2026-07-20 01:57:44.199,1.6666666666659147,,,,61241.08060415509,4,
98_34_dither,2026-07-20 01:57:44.199,2026-07-20 01:59:24.199,1.666666666666714,229.62941176900583,-10.519480519480515,{'dither': True},61241.0817615625,5,15.308627451267059
100_34_dither,2026-07-20 01:59:24.199,2026-07-20 02:01:04.199,1.666666666666714,234.366253874269,-10.519480519480515,{'dither': True},61241.08291896991,5,15.62441692495127
102_34_dither,2026-07-20 02:01:04.199,2026-07-20 02:02:44.199,1.666666666666714,239.10309597953213,-10.519480519480515,{'dither': True},61241.084076377316,5,15.940206398635478
106_36_dither,2026-07-20 02:02:44.199,2026-07-20 02:04:24.199,1.666666666666714,246.93591331699344,-5.84415584415585,{'dither': True},61241.085233784725,5,16.4623942211329
104_36_dither,2026-07-20 02:04:24.199,2026-07-20 02:06:04.199,1.666666666666714,242.23003096405228,-5.84415584415585,{'dither': True},61241.086391192126,5,16.148668730936823
102_36_dither,2026-07-20 02:06:04.199,2026-07-20 02:07:44.199,1.666666666666714,237.5241486111111,-5.84415584415585,{'dither': True},61241.087548599535,5,15.834943240740742
100_36_dither,2026-07-20 02:07:44.199,2026-07-20 02:09:24.199,1.666666666666714,232.81826625816993,-5.84415584415585,{'dither': True},61241.08870600694,5,15.521217750544665
104_38_dither,2026-07-20 02:09:24.199,2026-07-20 02:11:04.199,1.666666666666714,240.64103172799423,-1.16883116883117,{'dither': True},61241.08986341435,5,16.04273544853295
106_38_dither,2026-07-20 02:11:04.199,2026-07-20 02:12:44.199,1.666666666666714,245.3163564033189,-1.16883116883117,{'dither': True},61241.09102082176,5,16.354423760221263
108_38_dither,2026-07-20 02:12:44.199,2026-07-20 02:14:24.199,1.666666666666714,249.9916810786436,-1.16883116883117,{'dither': True},61241.09217822917,5,16.666112071909577
110_38_dither,2026-07-20 02:14:24.199,2026-07-20 02:16:04.199,1.666666666666714,254.66700575396828,-1.16883116883117,{'dither': True},61241.09333563657,5,16.977800383597888
112_38_dither,2026-07-20 02:16:04.199,2026-07-20 02:17:44.199,1.666666666666714,259.34233042929293,-1.16883116883117,{'dither': True},61241.09449304398,5,17.2894886952862
118_38_dither,2026-07-20 02:17:44.199,2026-07-20 02:19:24.199,1.666666666666714,273.3683044552669,-1.16883116883117,{'dither': True},61241.09565045139,5,18.22455363035113
114_40_dither,2026-07-20 02:19:24.199,2026-07-20 02:21:04.199,1.666666666666714,264.01765510461763,3.5064935064934972,{'dither': True},61241.0968078588,5,17.601177006974513
112_40_dither,2026-07-20 02:21:04.199,2026-07-20 02:22:44.199,1.666666666666714,259.34233042929293,3.5064935064934972,{'dither': True},61241.097965266206,5,17.2894886952862
110_40_dither,2026-07-20 02:22:44.199,2026-07-20 02:24:24.199,1.666666666666714,254.66700575396828,3.5064935064934972,{'dither': True},61241.09912267361,5,16.977800383597888
108_40_dither,2026-07-20 02:24:24.199,2026-07-20 02:26:04.199,1.666666666666714,249.9916810786436,3.5064935064934972,{'dither': True},61241.10028008102,5,16.666112071909577
Unused Time,2026-07-20 02:26:04.199,2026-07-20 02:27:44.199,1.6666666666659147,,,,61241.101437488425,5,
94_34,2026-07-20 02:27:44.199,2026-07-20 02:29:24.199,1.666666666666714,222.6315789473684,-10.519480519480515,{'dither': False},61241.102594895834,6,14.842105263157897
96_34,2026-07-20 02:29:24.199,2026-07-20 02:31:04.199,1.666666666666714,227.36842105263156,-10.519480519480515,{'dither': False},61241.10375230324,6,15.157894736842106
122_36,2026-07-20 02:31:04.199,2026-07-20 02:32:44.199,1.666666666666714,287.0588235294117,-5.84415584415585,{'dither': False},61241.10490971065,6,19.137254901960784
98_36,2026-07-20 02:32:44.199,2026-07-20 02:34:24.199,1.666666666666714,230.5882352941176,-5.84415584415585,{'dither': False},61241.10606711805,6,15.372549019607842
96_36,2026-07-20 02:34:24.199,2026-07-20 02:36:04.199,1.666666666666714,225.88235294117644,-5.84415584415585,{'dither': False},61241.10722452546,6,15.058823529411764
98_38,2026-07-20 02:36:04.199,2026-07-20 02:37:44.199,1.666666666666714,229.0909090909091,-1.16883116883117,{'dither': False},61241.10838193287,6,15.272727272727275
100_38,2026-07-20 02:37:44.199,2026-07-20 02:39:24.199,1.666666666666714,233.76623376623377,-1.16883116883117,{'dither': False},61241.10953934028,6,15.584415584415588
102_38,2026-07-20 02:39:24.199,2026-07-20 02:41:04.199,1.666666666666714,238.4415584415584,-1.16883116883117,{'dither': False},61241.11069674769,6,15.896103896103897
120_38,2026-07-20 02:41:04.199,2026-07-20 02:42:44.199,1.666666666666714,280.5194805194805,-1.16883116883117,{'dither': False},61241.11185415509,6,18.701298701298704
122_38,2026-07-20 02:42:44.199,2026-07-20 02:44:24.199,1.666666666666714,285.19480519480516,-1.16883116883117,{'dither': False},61241.1130115625,6,19.012987012987015
120_40,2026-07-20 02:44:24.199,2026-07-20 02:46:04.199,1.666666666666714,280.5194805194805,3.5064935064934972,{'dither': False},61241.11416896991,6,18.701298701298704
118_40,2026-07-20 02:46:04.199,2026-07-20 02:47:44.199,1.666666666666714,275.8441558441558,3.5064935064934972,{'dither': False},61241.115326377316,6,18.38961038961039
106_40,2026-07-20 02:47:44.199,2026-07-20 02:49:24.199,1.666666666666714,247.7922077922078,3.5064935064934972,{'dither': False},61241.116483784725,6,16.519480519480524
104_40,2026-07-20 02:49:24.199,2026-07-20 02:51:04.199,1.666666666666714,243.11688311688312,3.5064935064934972,{'dither': False},61241.117641192126,6,16.20779220779221
102_40,2026-07-20 02:51:04.199,2026-07-20 02:52:44.199,1.666666666666714,238.4415584415584,3.5064935064934972,{'dither': False},61241.118798599535,6,15.896103896103897
100_40,2026-07-20 02:52:44.199,2026-07-20 02:54:24.199,1.666666666666714,233.76623376623377,3.5064935064934972,{'dither': False},61241.11995600694,6,15.584415584415588
Unused Time,2026-07-20 02:54:24.199,2026-07-20 02:57:44.199,3.3333333333326287,,,,61241.12111341435,6,
96_34_dither,2026-07-20 02:57:44.199,2026-07-20 02:59:24.199,1.666666666666714,224.89256966374268,-10.519480519480515,{'dither': True},61241.12342822917,7,14.992837977582848
122_36_dither,2026-07-20 02:59:24.199,2026-07-20 03:01:04.199,1.666666666666714,284.5829721405228,-5.84415584415585,{'dither': True},61241.12458563657,7,18.972198142701526
98_36_dither,2026-07-20 03:01:04.199,2026-07-20 03:02:44.199,1.666666666666714,228.1123839052287,-5.84415584415585,{'dither': True},61241.12574304398,7,15.207492260348584
100_38_dither,2026-07-20 03:02:44.199,2026-07-20 03:04:24.199,1.666666666666714,231.29038237734488,-1.16883116883117,{'dither': True},61241.12690045139,7,15.419358825156328
102_38_dither,2026-07-20 03:04:24.199,2026-07-20 03:06:04.199,1.666666666666714,235.96570705266953,-1.16883116883117,{'dither': True},61241.1280578588,7,15.731047136844639
120_38_dither,2026-07-20 03:06:04.199,2026-07-20 03:07:44.199,1.666666666666714,278.0436291305916,-1.16883116883117,{'dither': True},61241.129215266206,7,18.536241942039446
122_38_dither,2026-07-20 03:07:44.199,2026-07-20 03:09:24.199,1.666666666666714,282.71895380591627,-1.16883116883117,{'dither': True},61241.13037267361,7,18.847930253727753
120_40_dither,2026-07-20 03:09:24.199,2026-07-20 03:11:04.199,1.666666666666714,278.0436291305916,3.5064935064934972,{'dither': True},61241.13153008102,7,18.536241942039446
118_40_dither,2026-07-20 03:11:04.199,2026-07-20 03:12:44.199,1.666666666666714,273.3683044552669,3.5064935064934972,{'dither': True},61241.132687488425,7,18.22455363035113
106_40_dither,2026-07-20 03:12:44.199,2026-07-20 03:14:24.199,1.666666666666714,245.3163564033189,3.5064935064934972,{'dither': True},61241.133844895834,7,16.354423760221263
104_40_dither,2026-07-20 03:14:24.199,2026-07-20 03:16:04.199,1.666666666666714,240.64103172799423,3.5064935064934972,{'dither': True},61241.13500230324,7,16.04273544853295
102_40_dither,2026-07-20 03:16:04.199,2026-07-20 03:17:44.199,1.666666666666714,235.96570705266953,3.5064935064934972,{'dither': True},61241.13615971065,7,15.731047136844639
Unused Time,2026-07-20 03:17:44.199,2026-07-20 03:27:44.199,9.999999999999485,,,,61241.13731711805,7,
124_34,2026-07-20 03:27:44.199,2026-07-20 03:29:24.199,1.666666666666714,293.6842105263158,-10.519480519480515,{'dither': False},61241.1442615625,8,19.578947368421055
126_34,2026-07-20 03:29:24.199,2026-07-20 03:31:04.199,1.666666666666714,298.4210526315789,-10.519480519480515,{'dither': False},61241.14541896991,8,19.894736842105264
128_34,2026-07-20 03:31:04.199,2026-07-20 03:32:44.199,1.666666666666714,303.1578947368421,-10.519480519480515,{'dither': False},61241.146576377316,8,20.210526315789476
130_34,2026-07-20 03:32:44.199,2026-07-20 03:34:24.199,1.666666666666714,307.89473684210526,-10.519480519480515,{'dither': False},61241.147733784725,8,20.52631578947369
130_36,2026-07-20 03:34:24.199,2026-07-20 03:36:04.199,1.666666666666714,305.88235294117646,-5.84415584415585,{'dither': False},61241.148891192126,8,20.3921568627451
128_36,2026-07-20 03:36:04.199,2026-07-20 03:37:44.199,1.666666666666714,301.17647058823525,-5.84415584415585,{'dither': False},61241.150048599535,8,20.07843137254902
126_36,2026-07-20 03:37:44.199,2026-07-20 03:39:24.199,1.666666666666714,296.4705882352941,-5.84415584415585,{'dither': False},61241.15120600694,8,19.764705882352942
124_36,2026-07-20 03:39:24.199,2026-07-20 03:41:04.199,1.666666666666714,291.7647058823529,-5.84415584415585,{'dither': False},61241.15236341435,8,19.450980392156865
124_38,2026-07-20 03:41:04.199,2026-07-20 03:42:44.199,1.666666666666714,289.87012987012986,-1.16883116883117,{'dither': False},61241.15352082176,8,19.32467532467533
126_38,2026-07-20 03:42:44.199,2026-07-20 03:44:24.199,1.666666666666714,294.5454545454545,-1.16883116883117,{'dither': False},61241.15467822917,8,19.636363636363637
128_38,2026-07-20 03:44:24.199,2026-07-20 03:46:04.199,1.666666666666714,299.2207792207792,-1.16883116883117,{'dither': False},61241.15583563657,8,19.94805194805195
130_38,2026-07-20 03:46:04.199,2026-07-20 03:47:44.199,1.666666666666714,303.8961038961039,-1.16883116883117,{'dither': False},61241.15699304398,8,20.259740259740266
130_40,2026-07-20 03:47:44.199,2026-07-20 03:49:24.199,1.666666666666714,303.8961038961039,3.5064935064934972,{'dither': False},61241.15815045139,8,20.259740259740266
128_40,2026-07-20 03:49:24.199,2026-07-20 03:51:04.199,1.666666666666714,299.2207792207792,3.5064935064934972,{'dither': False},61241.1593078588,8,19.94805194805195
126_40,2026-07-20 03:51:04.199,2026-07-20 03:52:44.199,1.666666666666714,294.5454545454545,3.5064935064934972,{'dither': False},61241.160465266206,8,19.636363636363637
124_40,2026-07-20 03:52:44.199,2026-07-20 03:54:24.199,1.666666666666714,289.87012987012986,3.5064935064934972,{'dither': False},61241.16162267361,8,19.32467532467533
122_40,2026-07-20 03:54:24.199,2026-07-20 03:56:04.199,1.666666666666714,285.19480519480516,3.5064935064934972,{'dither': False},61241.16278008102,8,19.012987012987015
Unused Time,2026-07-20 03:56:04.199,2026-07-20 03:57:44.199,1.6666666666659147,,,,61241.163937488425,8,
124_34_dither,2026-07-20 03:57:44.199,2026-07-20 03:59:24.199,1.666666666666714,291.2083591374269,-10.519480519480515,{'dither': True},61241.165094895834,9,19.413890609161797
126_34_dither,2026-07-20 03:59:24.199,2026-07-20 04:01:04.199,1.666666666666714,295.94520124269,-10.519480519480515,{'dither': True},61241.16625230324,9,19.729680082846006
128_34_dither,2026-07-20 04:01:04.199,2026-07-20 04:02:44.199,1.666666666666714,300.6820433479532,-10.519480519480515,{'dither': True},61241.16740971065,9,20.045469556530218
130_34_dither,2026-07-20 04:02:44.199,2026-07-20 04:04:24.199,1.666666666666714,305.4188854532164,-10.519480519480515,{'dither': True},61241.16856711805,9,20.36125903021443
130_36_dither,2026-07-20 04:04:24.199,2026-07-20 04:06:04.199,1.666666666666714,303.4065015522876,-5.84415584415585,{'dither': True},61241.16972452546,9,20.227100103485842
128_36_dither,2026-07-20 04:06:04.199,2026-07-20 04:07:44.199,1.666666666666714,298.70061919934636,-5.84415584415585,{'dither': True},61241.17088193287,9,19.91337461328976
126_36_dither,2026-07-20 04:07:44.199,2026-07-20 04:09:24.199,1.666666666666714,293.9947368464052,-5.84415584415585,{'dither': True},61241.17203934028,9,19.599649123093684
124_36_dither,2026-07-20 04:09:24.199,2026-07-20 04:11:04.199,1.666666666666714,289.28885449346404,-5.84415584415585,{'dither': True},61241.17319674769,9,19.285923632897607
124_38_dither,2026-07-20 04:11:04.199,2026-07-20 04:12:44.199,1.666666666666714,287.394278481241,-1.16883116883117,{'dither': True},61241.17435415509,9,19.159618565416068
126_38_dither,2026-07-20 04:12:44.199,2026-07-20 04:14:24.199,1.666666666666714,292.0696031565656,-1.16883116883117,{'dither': True},61241.1755115625,9,19.47130687710438
128_38_dither,2026-07-20 04:14:24.199,2026-07-20 04:16:04.199,1.666666666666714,296.7449278318903,-1.16883116883117,{'dither': True},61241.17666896991,9,19.782995188792693
130_38_dither,2026-07-20 04:16:04.199,2026-07-20 04:17:44.199,1.666666666666714,301.420252507215,-1.16883116883117,{'dither': True},61241.177826377316,9,20.094683500481004
130_40_dither,2026-07-20 04:17:44.199,2026-07-20 04:19:24.199,1.666666666666714,301.420252507215,3.5064935064934972,{'dither': True},61241.178983784725,9,20.094683500481004
128_40_dither,2026-07-20 04:19:24.199,2026-07-20 04:21:04.199,1.666666666666714,296.7449278318903,3.5064935064934972,{'dither': True},61241.180141192126,9,19.782995188792693
126_40_dither,2026-07-20 04:21:04.199,2026-07-20 04:22:44.199,1.666666666666714,292.0696031565656,3.5064935064934972,{'dither': True},61241.181298599535,9,19.47130687710438
124_40_dither,2026-07-20 04:22:44.199,2026-07-20 04:24:24.199,1.666666666666714,287.394278481241,3.5064935064934972,{'dither': True},61241.18245600694,9,19.159618565416068
122_40_dither,2026-07-20 04:24:24.199,2026-07-20 04:26:04.199,1.666666666666714,282.71895380591627,3.5064935064934972,{'dither': True},61241.18361341435,9,18.847930253727753
Unused Time,2026-07-20 04:26:04.199,2026-07-20 04:27:44.199,1.6666666666659147,,,,61241.18477082176,9,
132_34,2026-07-20 04:27:44.199,2026-07-20 04:29:24.199,1.666666666666714,312.6315789473684,-10.519480519480515,{'dither': False},61241.18592822917,10,20.842105263157897
134_34,2026-07-20 04:29:24.199,2026-07-20 04:31:04.199,1.666666666666714,317.36842105263156,-10.519480519480515,{'dither': False},61241.18708563657,10,21.15789473684211
136_34,2026-07-20 04:31:04.199,2026-07-20 04:32:44.199,1.666666666666714,322.10526315789474,-10.519480519480515,{'dither': False},61241.18824304398,10,21.47368421052632
138_34,2026-07-20 04:32:44.199,2026-07-20 04:34:24.199,1.666666666666714,326.8421052631579,-10.519480519480515,{'dither': False},61241.18940045139,10,21.78947368421053
140_34,2026-07-20 04:34:24.199,2026-07-20 04:36:04.199,1.666666666666714,331.57894736842104,-10.519480519480515,{'dither': False},61241.1905578588,10,22.10526315789474
140_36,2026-07-20 04:36:04.199,2026-07-20 04:37:44.199,1.666666666666714,329.4117647058824,-5.84415584415585,{'dither': False},61241.191715266206,10,21.960784313725497
138_36,2026-07-20 04:37:44.199,2026-07-20 04:39:24.199,1.666666666666714,324.70588235294116,-5.84415584415585,{'dither': False},61241.19287267361,10,21.647058823529417
136_36,2026-07-20 04:39:24.199,2026-07-20 04:41:04.199,1.666666666666714,320.0,-5.84415584415585,{'dither': False},61241.19403008102,10,21.333333333333336
134_36,2026-07-20 04:41:04.199,2026-07-20 04:42:44.199,1.666666666666714,315.29411764705884,-5.84415584415585,{'dither': False},61241.195187488425,10,21.01960784313726
132_36,2026-07-20 04:42:44.199,2026-07-20 04:44:24.199,1.666666666666714,310.5882352941176,-5.84415584415585,{'dither': False},61241.196344895834,10,20.705882352941178
132_38,2026-07-20 04:44:24.199,2026-07-20 04:46:04.199,1.666666666666714,308.57142857142856,-1.16883116883117,{'dither': False},61241.19750230324,10,20.571428571428573
134_38,2026-07-20 04:46:04.199,2026-07-20 04:47:44.199,1.666666666666714,313.24675324675326,-1.16883116883117,{'dither': False},61241.19865971065,10,20.883116883116887
136_38,2026-07-20 04:47:44.199,2026-07-20 04:49:24.199,1.666666666666714,317.9220779220779,-1.16883116883117,{'dither': False},61241.19981711805,10,21.1948051948052
138_38,2026-07-20 04:49:24.199,2026-07-20 04:51:04.199,1.666666666666714,322.5974025974026,-1.16883116883117,{'dither': False},61241.20097452546,10,21.506493506493513
140_38,2026-07-20 04:51:04.199,2026-07-20 04:52:44.199,1.666666666666714,327.27272727272725,-1.16883116883117,{'dither': False},61241.20213193287,10,21.81818181818182
134_40,2026-07-20 04:52:44.199,2026-07-20 04:54:24.199,1.666666666666714,313.24675324675326,3.5064935064934972,{'dither': False},61241.20328934028,10,20.883116883116887
132_40,2026-07-20 04:54:24.199,2026-07-20 04:56:04.199,1.666666666666714,308.57142857142856,3.5064935064934972,{'dither': False},61241.20444674769,10,20.571428571428573
Unused Time,2026-07-20 04:56:04.199,2026-07-20 04:57:44.199,1.6666666666659147,,,,61241.20560415509,10,
132_34_dither,2026-07-20 04:57:44.199,2026-07-20 04:59:24.199,1.666666666666714,310.1557275584795,-10.519480519480515,{'dither': True},61241.2067615625,11,20.677048503898636
134_34_dither,2026-07-20 04:59:24.199,2026-07-20 05:01:04.199,1.666666666666714,314.8925696637427,-10.519480519480515,{'dither': True},61241.20791896991,11,20.992837977582848
136_34_dither,2026-07-20 05:01:04.199,2026-07-20 05:02:44.199,1.666666666666714,319.62941176900586,-10.519480519480515,{'dither': True},61241.209076377316,11,21.30862745126706
138_34_dither,2026-07-20 05:02:44.199,2026-07-20 05:04:24.199,1.666666666666714,324.36625387426903,-10.519480519480515,{'dither': True},61241.210233784725,11,21.624416924951273
140_34_dither,2026-07-20 05:04:24.199,2026-07-20 05:06:04.199,1.666666666666714,329.10309597953216,-10.519480519480515,{'dither': True},61241.211391192126,11,21.940206398635482
140_36_dither,2026-07-20 05:06:04.199,2026-07-20 05:07:44.199,1.666666666666714,326.9359133169935,-5.84415584415585,{'dither': True},61241.212548599535,11,21.795727554466236
138_36_dither,2026-07-20 05:07:44.199,2026-07-20 05:09:24.199,1.666666666666714,322.2300309640523,-5.84415584415585,{'dither': True},61241.21370600694,11,21.482002064270155
136_36_dither,2026-07-20 05:09:24.199,2026-07-20 05:11:04.199,1.666666666666714,317.5241486111111,-5.84415584415585,{'dither': True},61241.21486341435,11,21.168276574074078
134_36_dither,2026-07-20 05:11:04.199,2026-07-20 05:12:44.199,1.666666666666714,312.81826625816996,-5.84415584415585,{'dither': True},61241.21602082176,11,20.854551083878
132_36_dither,2026-07-20 05:12:44.199,2026-07-20 05:14:24.199,1.666666666666714,308.11238390522874,-5.84415584415585,{'dither': True},61241.21717822917,11,20.54082559368192
132_38_dither,2026-07-20 05:14:24.199,2026-07-20 05:16:04.199,1.666666666666714,306.09557718253967,-1.16883116883117,{'dither': True},61241.21833563657,11,20.406371812169315
134_38_dither,2026-07-20 05:16:04.199,2026-07-20 05:17:44.199,1.666666666666714,310.7709018578644,-1.16883116883117,{'dither': True},61241.21949304398,11,20.71806012385763
136_38_dither,2026-07-20 05:17:44.199,2026-07-20 05:19:24.199,1.666666666666714,315.446226533189,-1.16883116883117,{'dither': True},61241.22065045139,11,21.02974843554594
138_38_dither,2026-07-20 05:19:24.199,2026-07-20 05:21:04.199,1.666666666666714,320.1215512085137,-1.16883116883117,{'dither': True},61241.2218078588,11,21.34143674723425
140_38_dither,2026-07-20 05:21:04.199,2026-07-20 05:22:44.199,1.666666666666714,324.79687588383837,-1.16883116883117,{'dither': True},61241.222965266206,11,21.653125058922562
134_40_dither,2026-07-20 05:22:44.199,2026-07-20 05:24:24.199,1.666666666666714,310.7709018578644,3.5064935064934972,{'dither': True},61241.22412267361,11,20.71806012385763
132_40_dither,2026-07-20 05:24:24.199,2026-07-20 05:26:04.199,1.666666666666714,306.09557718253967,3.5064935064934972,{'dither': True},61241.22528008102,11,20.406371812169315
Unused Time,2026-07-20 05:26:04.199,2026-07-20 05:27:44.199,1.6666666666659147,,,,61241.226437488425,11,
142_34,2026-07-20 05:27:44.199,2026-07-20 05:29:24.199,1.666666666666714,336.3157894736842,-10.519480519480515,{'dither': False},61241.227594895834,12,22.421052631578952
144_34,2026-07-20 05:29:24.199,2026-07-20 05:31:04.199,1.666666666666714,341.05263157894734,-10.519480519480515,{'dither': False},61241.22875230324,12,22.73684210526316
146_34,2026-07-20 05:31:04.199,2026-07-20 05:32:44.199,1.666666666666714,345.7894736842105,-10.519480519480515,{'dither': False},61241.22990971065,12,23.052631578947373
148_34,2026-07-20 05:32:44.199,2026-07-20 05:34:24.199,1.666666666666714,350.52631578947364,-10.519480519480515,{'dither': False},61241.23106711805,12,23.368421052631582
150_34,2026-07-20 05:34:24.199,2026-07-20 05:36:04.199,1.666666666666714,355.2631578947368,-10.519480519480515,{'dither': False},61241.23222452546,12,23.68421052631579
152_36,2026-07-20 05:36:04.199,2026-07-20 05:37:44.199,1.666666666666714,357.6470588235294,-5.84415584415585,{'dither': False},61241.23338193287,12,23.843137254901965
150_36,2026-07-20 05:37:44.199,2026-07-20 05:39:24.199,1.666666666666714,352.9411764705882,-5.84415584415585,{'dither': False},61241.23453934028,12,23.529411764705884
148_36,2026-07-20 05:39:24.199,2026-07-20 05:41:04.199,1.666666666666714,348.235294117647,-5.84415584415585,{'dither': False},61241.23569674769,12,23.215686274509807
146_36,2026-07-20 05:41:04.199,2026-07-20 05:42:44.199,1.666666666666714,343.52941176470586,-5.84415584415585,{'dither': False},61241.23685415509,12,22.90196078431373
144_36,2026-07-20 05:42:44.199,2026-07-20 05:44:24.199,1.666666666666714,338.82352941176464,-5.84415584415585,{'dither': False},61241.2380115625,12,22.58823529411765
142_36,2026-07-20 05:44:24.199,2026-07-20 05:46:04.199,1.666666666666714,334.1176470588235,-5.84415584415585,{'dither': False},61241.23916896991,12,22.27450980392157
142_38,2026-07-20 05:46:04.199,2026-07-20 05:47:44.199,1.666666666666714,331.9480519480519,-1.16883116883117,{'dither': False},61241.240326377316,12,22.12987012987013
144_38,2026-07-20 05:47:44.199,2026-07-20 05:49:24.199,1.666666666666714,336.6233766233766,-1.16883116883117,{'dither': False},61241.241483784725,12,22.441558441558445
146_38,2026-07-20 05:49:24.199,2026-07-20 05:51:04.199,1.666666666666714,341.2987012987013,-1.16883116883117,{'dither': False},61241.242641192126,12,22.753246753246756
148_38,2026-07-20 05:51:04.199,2026-07-20 05:52:44.199,1.666666666666714,345.97402597402595,-1.16883116883117,{'dither': False},61241.243798599535,12,23.064935064935067
150_38,2026-07-20 05:52:44.199,2026-07-20 05:54:24.199,1.666666666666714,350.64935064935065,-1.16883116883117,{'dither': False},61241.24495600694,12,23.37662337662338
152_38,2026-07-20 05:54:24.199,2026-07-20 05:56:04.199,1.666666666666714,355.3246753246753,-1.16883116883117,{'dither': False},61241.24611341435,12,23.688311688311693
Unused Time,2026-07-20 05:56:04.199,2026-07-20 05:57:44.199,1.6666666666659147,,,,61241.24727082176,12,
142_34_dither,2026-07-20 05:57:44.199,2026-07-20 05:59:24.199,1.666666666666634,333.83993808479534,-10.519480519480515,{'dither': True},61241.24842822917,13,22.255995872319694
144_34_dither,2026-07-20 05:59:24.199,2026-07-20 06:01:04.199,1.666666666666634,338.57678019005846,-10.519480519480515,{'dither': True},61241.24958563657,13,22.571785346003903
146_34_dither,2026-07-20 06:01:04.199,2026-07-20 06:02:44.199,1.666666666666714,343.31362229532164,-10.519480519480515,{'dither': True},61241.25074304398,13,22.887574819688112
148_34_dither,2026-07-20 06:02:44.199,2026-07-20 06:04:24.199,1.666666666666714,348.05046440058476,-10.519480519480515,{'dither': True},61241.25190045139,13,23.20336429337232
150_34_dither,2026-07-20 06:04:24.199,2026-07-20 06:06:04.199,1.666666666666714,352.78730650584794,-10.519480519480515,{'dither': True},61241.2530578588,13,23.519153767056533
152_36_dither,2026-07-20 06:06:04.199,2026-07-20 06:07:44.199,1.666666666666714,355.1712074346405,-5.84415584415585,{'dither': True},61241.254215266206,13,23.678080495642703
150_36_dither,2026-07-20 06:07:44.199,2026-07-20 06:09:24.199,1.666666666666714,350.4653250816993,-5.84415584415585,{'dither': True},61241.25537267361,13,23.364355005446622
148_36_dither,2026-07-20 06:09:24.199,2026-07-20 06:11:04.199,1.666666666666714,345.75944272875813,-5.84415584415585,{'dither': True},61241.25653008102,13,23.050629515250545
146_36_dither,2026-07-20 06:11:04.199,2026-07-20 06:12:44.199,1.666666666666714,341.05356037581697,-5.84415584415585,{'dither': True},61241.257687488425,13,22.736904025054468
144_36_dither,2026-07-20 06:12:44.199,2026-07-20 06:14:24.199,1.666666666666714,336.34767802287575,-5.84415584415585,{'dither': True},61241.258844895834,13,22.423178534858387
142_36_dither,2026-07-20 06:14:24.199,2026-07-20 06:16:04.199,1.666666666666714,331.6417956699346,-5.84415584415585,{'dither': True},61241.26000230324,13,22.10945304466231
142_38_dither,2026-07-20 06:16:04.199,2026-07-20 06:17:44.199,1.666666666666714,329.472200559163,-1.16883116883117,{'dither': True},61241.26115971065,13,21.964813370610873
144_38_dither,2026-07-20 06:17:44.199,2026-07-20 06:19:24.199,1.666666666666714,334.1475252344877,-1.16883116883117,{'dither': True},61241.26231711805,13,22.276501682299184
146_38_dither,2026-07-20 06:19:24.199,2026-07-20 06:21:04.199,1.666666666666714,338.8228499098124,-1.16883116883117,{'dither': True},61241.26347452546,13,22.5881899939875
148_38_dither,2026-07-20 06:21:04.199,2026-07-20 06:22:44.199,1.666666666666714,343.49817458513706,-1.16883116883117,{'dither': True},61241.26463193287,13,22.89987830567581
150_38_dither,2026-07-20 06:22:44.199,2026-07-20 06:24:24.199,1.666666666666714,348.17349926046177,-1.16883116883117,{'dither': True},61241.26578934028,13,23.211566617364124
152_38_dither,2026-07-20 06:24:24.199,2026-07-20 06:26:04.199,1.666666666666714,352.8488239357864,-1.16883116883117,{'dither': True},61241.26694674769,13,23.52325492905243
Unused Time,2026-07-20 06:26:04.199,2026-07-20 06:27:44.199,1.6666666666659147,,,,61241.26810415509,13,
4_36,2026-07-20 06:27:44.199,2026-07-20 06:29:24.199,1.666666666666714,9.411764705882351,-5.84415584415585,{'dither': False},61241.2692615625,14,0.6274509803921569
2_36,2026-07-20 06:29:24.199,2026-07-20 06:31:04.199,1.666666666666714,4.705882352941176,-5.84415584415585,{'dither': False},61241.27041896991,14,0.3137254901960784
0_36,2026-07-20 06:31:04.199,2026-07-20 06:32:44.199,1.666666666666714,0.0,-5.84415584415585,{'dither': False},61241.271576377316,14,0.0
0_38,2026-07-20 06:32:44.199,2026-07-20 06:34:24.199,1.666666666666714,0.0,-1.16883116883117,{'dither': False},61241.272733784725,14,0.0
2_38,2026-07-20 06:34:24.199,2026-07-20 06:36:04.199,1.666666666666714,4.675324675324675,-1.16883116883117,{'dither': False},61241.273891192126,14,0.31168831168831174
6_36,2026-07-20 06:36:04.199,2026-07-20 06:37:44.199,1.666666666666714,14.117647058823527,-5.84415584415585,{'dither': False},61241.275048599535,14,0.9411764705882353
4_38,2026-07-20 06:37:44.199,2026-07-20 06:39:24.199,1.666666666666714,9.35064935064935,-1.16883116883117,{'dither': False},61241.27620600694,14,0.6233766233766235
2_40,2026-07-20 06:39:24.199,2026-07-20 06:41:04.199,1.666666666666714,4.675324675324675,3.5064935064934972,{'dither': False},61241.27736341435,14,0.31168831168831174
0_40,2026-07-20 06:41:04.199,2026-07-20 06:42:44.199,1.666666666666714,0.0,3.5064935064934972,{'dither': False},61241.27852082176,14,0.0
8_34,2026-07-20 06:42:44.199,2026-07-20 06:44:24.199,1.666666666666714,18.94736842105263,-10.519480519480515,{'dither': False},61241.27967822917,14,1.2631578947368423
Unused Time,2026-07-20 06:44:24.199,2026-07-20 06:49:24.199,4.999999999999982,,,,61241.28083563657,14,
6_38,2026-07-20 06:49:24.199,2026-07-20 06:51:04.199,1.666666666666714,14.025974025974026,-1.16883116883117,{'dither': False},61241.2843078588,14,0.9350649350649353
4_40,2026-07-20 06:51:04.199,2026-07-20 06:52:44.199,1.666666666666714,9.35064935064935,3.5064935064934972,{'dither': False},61241.285465266206,14,0.6233766233766235
Unused Time,2026-07-20 06:52:44.199,2026-07-20 06:57:44.199,4.999999999999503,,,,61241.28662267361,14,
8_34_dither,2026-07-20 06:57:44.199,2026-07-20 06:59:24.199,1.666666666666714,16.471517032163742,-10.519480519480515,{'dither': True},61241.290094895834,15,1.098101135477583
8_36_dither,2026-07-20 06:59:24.199,2026-07-20 07:01:04.199,1.666666666666714,16.347678022875815,-5.84415584415585,{'dither': True},61241.29125230324,15,1.0898452015250546
6_36_dither,2026-07-20 07:01:04.199,2026-07-20 07:02:44.199,1.666666666666714,11.641795669934638,-5.84415584415585,{'dither': True},61241.29240971065,15,0.776119711328976
4_36_dither,2026-07-20 07:02:44.199,2026-07-20 07:04:24.199,1.666666666666714,6.935913316993462,-5.84415584415585,{'dither': True},61241.29356711805,15,0.4623942211328976
2_36_dither,2026-07-20 07:04:24.199,2026-07-20 07:06:04.199,1.666666666666714,2.230030964052286,-5.84415584415585,{'dither': True},61241.29472452546,15,0.14866873093681912
0_36_dither,2026-07-20 07:06:04.199,2026-07-20 07:07:44.199,1.666666666666714,357.5241486111111,-5.84415584415585,{'dither': True},61241.29588193287,15,23.834943240740746
0_38_dither,2026-07-20 07:07:44.199,2026-07-20 07:09:24.199,1.666666666666714,357.5241486111111,-1.16883116883117,{'dither': True},61241.29703934028,15,23.834943240740746
2_38_dither,2026-07-20 07:09:24.199,2026-07-20 07:11:04.199,1.666666666666714,2.199473286435786,-1.16883116883117,{'dither': True},61241.29819674769,15,0.14663155242905243
4_38_dither,2026-07-20 07:11:04.199,2026-07-20 07:12:44.199,1.666666666666714,6.874797961760461,-1.16883116883117,{'dither': True},61241.29935415509,15,0.45831986411736414
6_38_dither,2026-07-20 07:12:44.199,2026-07-20 07:14:24.199,1.666666666666714,11.550122637085137,-1.16883116883117,{'dither': True},61241.3005115625,15,0.7700081758056759
6_40_dither,2026-07-20 07:14:24.199,2026-07-20 07:16:04.199,1.666666666666714,11.550122637085137,3.5064935064934972,{'dither': True},61241.30166896991,15,0.7700081758056759
4_40_dither,2026-07-20 07:16:04.199,2026-07-20 07:17:44.199,1.666666666666714,6.874797961760461,3.5064935064934972,{'dither': True},61241.302826377316,15,0.45831986411736414
2_40_dither,2026-07-20 07:17:44.199,2026-07-20 07:19:24.199,1.666666666666714,2.199473286435786,3.5064935064934972,{'dither': True},61241.303983784725,15,0.14663155242905243
0_40_dither,2026-07-20 07:19:24.199,2026-07-20 07:21:04.199,1.666666666666714,357.5241486111111,3.5064935064934972,{'dither': True},61241.305141192126,15,23.834943240740746
Unused Time,2026-07-20 07:21:04.199,2026-07-20 07:27:44.199,6.666666666665897,,,,61241.306298599535,15,
10_34,2026-07-20 07:27:44.199,2026-07-20 07:29:24.199,1.666666666666714,23.68421052631579,-10.519480519480515,{'dither': False},61241.31092822917,16,1.578947368421053
12_34,2026-07-20 07:29:24.199,2026-07-20 07:31:04.199,1.666666666666714,28.421052631578945,-10.519480519480515,{'dither': False},61241.31208563657,16,1.8947368421052633
10_36,2026-07-20 07:31:04.199,2026-07-20 07:32:44.199,1.666666666666714,23.52941176470588,-5.84415584415585,{'dither': False},61241.31324304398,16,1.5686274509803924
8_38,2026-07-20 07:32:44.199,2026-07-20 07:34:24.199,1.666666666666714,18.7012987012987,-1.16883116883117,{'dither': False},61241.31440045139,16,1.246753246753247
10_38,2026-07-20 07:34:24.199,2026-07-20 07:36:04.199,1.666666666666714,23.376623376623375,-1.16883116883117,{'dither': False},61241.3155578588,16,1.5584415584415585
8_40,2026-07-20 07:36:04.199,2026-07-20 07:37:44.199,1.666666666666714,18.7012987012987,3.5064935064934972,{'dither': False},61241.316715266206,16,1.246753246753247
Unused Time,2026-07-20 07:37:44.199,2026-07-20 07:42:44.199,4.999999999999982,,,,61241.31787267361,16,
10_40,2026-07-20 07:42:44.199,2026-07-20 07:44:24.199,1.666666666666714,23.376623376623375,3.5064935064934972,{'dither': False},61241.321344895834,16,1.5584415584415585
Unused Time,2026-07-20 07:44:24.199,2026-07-20 07:57:44.199,13.333333333333073,,,,61241.32250230324,16,
10_34_dither,2026-07-20 07:57:44.199,2026-07-20 07:59:24.199,1.666666666666714,21.208359137426903,-10.519480519480515,{'dither': True},61241.3317615625,17,1.4138906091617938
12_34_dither,2026-07-20 07:59:24.199,2026-07-20 08:01:04.199,1.666666666666714,25.945201242690057,-10.519480519480515,{'dither': True},61241.33291896991,17,1.7296800828460042
10_36_dither,2026-07-20 08:01:04.199,2026-07-20 08:02:44.199,1.666666666666714,21.053560375816993,-5.84415584415585,{'dither': True},61241.334076377316,17,1.403570691721133
8_38_dither,2026-07-20 08:02:44.199,2026-07-20 08:04:24.199,1.666666666666714,16.225447312409813,-1.16883116883117,{'dither': True},61241.335233784725,17,1.0816964874939876
10_38_dither,2026-07-20 08:04:24.199,2026-07-20 08:06:04.199,1.666666666666714,20.900771987734487,-1.16883116883117,{'dither': True},61241.336391192126,17,1.3933847991822994
10_40_dither,2026-07-20 08:06:04.199,2026-07-20 08:07:44.199,1.666666666666714,20.900771987734487,3.5064935064934972,{'dither': True},61241.337548599535,17,1.3933847991822994
8_40_dither,2026-07-20 08:07:44.199,2026-07-20 08:09:24.199,1.666666666666714,16.225447312409813,3.5064935064934972,{'dither': True},61241.33870600694,17,1.0816964874939876
Unused Time,2026-07-20 08:09:24.199,2026-07-20 08:27:44.199,18.333333333332895,,,,61241.33986341435,17,
18_24,2026-07-20 08:27:44.199,2026-07-20 08:29:24.199,1.666666666666714,50.23255813953488,-33.896103896103895,{'dither': False},61241.352594895834,18,3.348837209302326
20_26,2026-07-20 08:29:24.199,2026-07-20 08:31:04.199,1.666666666666714,52.94117647058824,-29.220779220779225,{'dither': False},61241.35375230324,18,3.529411764705883
20_28,2026-07-20 08:31:04.199,2026-07-20 08:32:44.199,1.666666666666714,51.06382978723404,-24.545454545454543,{'dither': False},61241.35490971065,18,3.4042553191489366
20_30,2026-07-20 08:32:44.199,2026-07-20 08:34:24.199,1.666666666666714,49.31506849315068,-19.870129870129876,{'dither': False},61241.35606711805,18,3.287671232876713
18_30,2026-07-20 08:34:24.199,2026-07-20 08:36:04.199,1.666666666666714,44.38356164383562,-19.870129870129876,{'dither': False},61241.35722452546,18,2.958904109589042
18_32,2026-07-20 08:36:04.199,2026-07-20 08:37:44.199,1.666666666666714,43.48993288590604,-15.194805194805197,{'dither': False},61241.35838193287,18,2.8993288590604034
20_32,2026-07-20 08:37:44.199,2026-07-20 08:39:24.199,1.666666666666714,48.32214765100672,-15.194805194805197,{'dither': False},61241.35953934028,18,3.2214765100671157
20_34,2026-07-20 08:39:24.199,2026-07-20 08:41:04.199,1.666666666666714,47.36842105263158,-10.519480519480515,{'dither': False},61241.36069674769,18,3.157894736842106
18_34,2026-07-20 08:41:04.199,2026-07-20 08:42:44.199,1.666666666666714,42.63157894736842,-10.519480519480515,{'dither': False},61241.36185415509,18,2.842105263157895
16_34,2026-07-20 08:42:44.199,2026-07-20 08:44:24.199,1.666666666666714,37.89473684210526,-10.519480519480515,{'dither': False},61241.3630115625,18,2.5263157894736845
14_34,2026-07-20 08:44:24.199,2026-07-20 08:46:04.199,1.666666666666714,33.1578947368421,-10.519480519480515,{'dither': False},61241.36416896991,18,2.210526315789474
22_28,2026-07-20 08:46:04.199,2026-07-20 08:47:44.199,1.666666666666714,56.17021276595744,-24.545454545454543,{'dither': False},61241.365326377316,18,3.74468085106383
22_26,2026-07-20 08:47:44.199,2026-07-20 08:49:24.199,1.666666666666714,58.23529411764706,-29.220779220779225,{'dither': False},61241.366483784725,18,3.8823529411764715
22_30,2026-07-20 08:49:24.199,2026-07-20 08:51:04.199,1.666666666666714,54.24657534246575,-19.870129870129876,{'dither': False},61241.367641192126,18,3.6164383561643842
22_32,2026-07-20 08:51:04.199,2026-07-20 08:52:44.199,1.666666666666714,53.15436241610739,-15.194805194805197,{'dither': False},61241.368798599535,18,3.5436241610738266
12_36,2026-07-20 08:52:44.199,2026-07-20 08:54:24.199,1.666666666666714,28.235294117647054,-5.84415584415585,{'dither': False},61241.36995600694,18,1.8823529411764706
14_36,2026-07-20 08:54:24.199,2026-07-20 08:56:04.199,1.666666666666714,32.94117647058823,-5.84415584415585,{'dither': False},61241.37111341435,18,2.196078431372549
22_34,2026-07-20 08:56:04.199,2026-07-20 08:57:44.199,1.666666666666714,52.10526315789474,-10.519480519480515,{'dither': False},61241.37227082176,18,3.473684210526317
16_36,2026-07-20 08:57:44.199,2026-07-20 08:59:24.199,1.666666666666714,37.647058823529406,-5.84415584415585,{'dither': False},61241.37342822917,18,2.5098039215686274
18_36,2026-07-20 08:59:24.199,2026-07-20 09:01:04.199,1.666666666666714,42.35294117647058,-5.84415584415585,{'dither': False},61241.37458563657,18,2.823529411764706
20_36,2026-07-20 09:01:04.199,2026-07-20 09:02:44.199,1.666666666666714,47.05882352941176,-5.84415584415585,{'dither': False},61241.37574304398,18,3.1372549019607847
18_38,2026-07-20 09:02:44.199,2026-07-20 09:04:24.199,1.666666666666714,42.077922077922075,-1.16883116883117,{'dither': False},61241.37690045139,18,2.8051948051948057
16_38,2026-07-20 09:04:24.199,2026-07-20 09:06:04.199,1.666666666666714,37.4025974025974,-1.16883116883117,{'dither': False},61241.3780578588,18,2.493506493506494
14_38,2026-07-20 09:06:04.199,2026-07-20 09:07:44.199,1.666666666666714,32.72727272727273,-1.16883116883117,{'dither': False},61241.379215266206,18,2.181818181818182
12_38,2026-07-20 09:07:44.199,2026-07-20 09:09:24.199,1.666666666666714,28.051948051948052,-1.16883116883117,{'dither': False},61241.38037267361,18,1.8701298701298705
12_40,2026-07-20 09:09:24.199,2026-07-20 09:11:04.199,1.666666666666714,28.051948051948052,3.5064935064934972,{'dither': False},61241.38153008102,18,1.8701298701298705
14_40,2026-07-20 09:11:04.199,2026-07-20 09:12:44.199,1.666666666666714,32.72727272727273,3.5064935064934972,{'dither': False},61241.382687488425,18,2.181818181818182
16_40,2026-07-20 09:12:44.199,2026-07-20 09:14:24.199,1.666666666666714,37.4025974025974,3.5064935064934972,{'dither': False},61241.383844895834,18,2.493506493506494
18_40,2026-07-20 09:14:24.199,2026-07-20 09:16:04.199,1.666666666666714,42.077922077922075,3.5064935064934972,{'dither': False},61241.38500230324,18,2.8051948051948057
Unused Time,2026-07-20 09:16:04.199,2026-07-20 09:19:13.729,3.158836240568217,,,,61241.38615971065,18,
18_24_dither,2026-07-20 09:19:13.729,2026-07-20 09:20:53.729,1.666666666666714,47.75670675064599,-33.896103896103895,{'dither': True},61241.388353344904,19,3.1837804500430664
22_26_dither,2026-07-20 09:20:53.729,2026-07-20 09:22:33.729,1.666666666666714,55.75944272875817,-29.220779220779225,{'dither': True},61241.38951075231,19,3.7172961819172117
20_26_dither,2026-07-20 09:22:33.729,2026-07-20 09:24:13.729,1.666666666666714,50.46532508169935,-29.220779220779225,{'dither': True},61241.39066815972,19,3.364355005446624
20_28_dither,2026-07-20 09:24:13.729,2026-07-20 09:25:53.729,1.666666666666714,48.58797839834515,-24.545454545454543,{'dither': True},61241.39182556713,19,3.2391985598896773
22_28_dither,2026-07-20 09:25:53.729,2026-07-20 09:27:33.729,1.666666666666714,53.69436137706855,-24.545454545454543,{'dither': True},61241.39298297454,19,3.579624091804571
22_30_dither,2026-07-20 09:27:33.729,2026-07-20 09:29:13.729,1.666666666666714,51.77072395357686,-19.870129870129876,{'dither': True},61241.39414038194,19,3.451381596905125
20_30_dither,2026-07-20 09:29:13.729,2026-07-20 09:30:53.729,1.666666666666714,46.83921710426179,-19.870129870129876,{'dither': True},61241.39529778935,19,3.1226144736174533
18_30_dither,2026-07-20 09:30:53.729,2026-07-20 09:32:33.729,1.666666666666714,41.90771025494673,-19.870129870129876,{'dither': True},61241.39645519676,19,2.7938473503297825
18_32_dither,2026-07-20 09:32:33.729,2026-07-20 09:34:13.729,1.666666666666714,41.01408149701715,-15.194805194805197,{'dither': True},61241.39761260417,19,2.734272099801144
20_32_dither,2026-07-20 09:34:13.729,2026-07-20 09:35:53.729,1.666666666666714,45.846296262117825,-15.194805194805197,{'dither': True},61241.398770011576,19,3.0564197508078554
22_32_dither,2026-07-20 09:35:53.729,2026-07-20 09:37:33.729,1.666666666666714,50.6785110272185,-15.194805194805197,{'dither': True},61241.399927418985,19,3.3785674018145673
22_34_dither,2026-07-20 09:37:33.729,2026-07-20 09:39:13.729,1.666666666666714,49.62941176900585,-10.519480519480515,{'dither': True},61241.401084826386,19,3.308627451267057
20_34_dither,2026-07-20 09:39:13.729,2026-07-20 09:40:53.729,1.666666666666714,44.89256966374269,-10.519480519480515,{'dither': True},61241.402242233795,19,2.992837977582847
18_34_dither,2026-07-20 09:40:53.729,2026-07-20 09:42:33.729,1.666666666666714,40.155727558479526,-10.519480519480515,{'dither': True},61241.4033996412,19,2.677048503898636
16_34_dither,2026-07-20 09:42:33.729,2026-07-20 09:44:13.729,1.666666666666714,35.41888545321637,-10.519480519480515,{'dither': True},61241.40455704861,19,2.361259030214425
14_34_dither,2026-07-20 09:44:13.729,2026-07-20 09:45:53.729,1.666666666666714,30.682043347953215,-10.519480519480515,{'dither': True},61241.40571445602,19,2.0454695565302146
12_36_dither,2026-07-20 09:45:53.729,2026-07-20 09:47:33.729,1.666666666666714,25.759442728758167,-5.84415584415585,{'dither': True},61241.40687186342,19,1.7172961819172115
14_36_dither,2026-07-20 09:47:33.729,2026-07-20 09:49:13.729,1.666666666666714,30.465325081699344,-5.84415584415585,{'dither': True},61241.40802927083,19,2.03102167211329
16_36_dither,2026-07-20 09:49:13.729,2026-07-20 09:50:53.729,1.666666666666714,35.171207434640515,-5.84415584415585,{'dither': True},61241.40918667824,19,2.344747162309368
18_36_dither,2026-07-20 09:50:53.729,2026-07-20 09:52:33.729,1.666666666666714,39.87708978758169,-5.84415584415585,{'dither': True},61241.41034408565,19,2.6584726525054463
20_36_dither,2026-07-20 09:52:33.729,2026-07-20 09:54:13.729,1.666666666666714,44.58297214052287,-5.84415584415585,{'dither': True},61241.41150149306,19,2.9721981427015254
18_38_dither,2026-07-20 09:54:13.729,2026-07-20 09:55:53.729,1.666666666666714,39.602070689033184,-1.16883116883117,{'dither': True},61241.412658900466,19,2.640138045935546
16_38_dither,2026-07-20 09:55:53.729,2026-07-20 09:57:33.729,1.666666666666714,34.92674601370851,-1.16883116883117,{'dither': True},61241.41381630787,19,2.3284497342472346
14_38_dither,2026-07-20 09:57:33.729,2026-07-20 09:59:13.729,1.666666666666714,30.25142133838384,-1.16883116883117,{'dither': True},61241.41497371528,19,2.0167614225589228
12_38_dither,2026-07-20 09:59:13.729,2026-07-20 10:00:53.729,1.666666666666714,25.576096663059165,-1.16883116883117,{'dither': True},61241.416131122685,19,1.7050731108706112
12_40_dither,2026-07-20 10:00:53.729,2026-07-20 10:02:33.729,1.666666666666714,25.576096663059165,3.5064935064934972,{'dither': True},61241.417288530094,19,1.7050731108706112
14_40_dither,2026-07-20 10:02:33.729,2026-07-20 10:04:13.729,1.666666666666714,30.25142133838384,3.5064935064934972,{'dither': True},61241.4184459375,19,2.0167614225589228
16_40_dither,2026-07-20 10:04:13.729,2026-07-20 10:05:53.729,1.666666666666714,34.92674601370851,3.5064935064934972,{'dither': True},61241.419603344904,19,2.3284497342472346
18_40_dither,2026-07-20 10:05:53.729,2026-07-20 10:07:33.729,1.666666666666714,39.602070689033184,3.5064935064934972,{'dither': True},61241.42076075231,19,2.640138045935546
Unused Time,2026-07-20 10:07:33.729,2026-07-20 10:10:43.260,3.158836240568137,,,,61241.42191815972,19,
